#,Game,Release date,Price,Score rank(Userscore / Metascore),Owners,Playtime (Median),Developer(s),Publisher(s),Genre
373,PLAYERUNKNOWN'S BATTLEGROUNDS,23/03/17,$29.99,15% (59%),"25,460,586 ±159,631",145:58 (89:47),PUBG Corporation,PUBG Corporation,MMO
544,Heroes & Generals,"Oct 18, 2016",Free,23% (66%),"16,149,604 ±128,394",12:24 (00:50),Reto-Moto,Reto-Moto,MMO
324,Robocraft,"Aug 24, 2017",Free,31% (72%),"13,540,765 ±117,888",18:47 (02:14),Freejam,Freejam,MMO
17,War Thunder,"Aug 15, 2013",Free,51% (82%/81%),"13,075,629 ±115,902",47:20 (04:24),Gaijin Entertainment,Gaijin Entertainment,MMO
310,Trove,09/07/15,Free,40% (77%),"8,981,775 ±96,468",20:27 (01:55),Trion Worlds,Trion Worlds,MMO
7,PlanetSide 2,20/11/12,Free,53% (83%/84%),"8,604,042 ±94,455",24:27 (02:22),Daybreak Game Company,Daybreak Game Company,MMO
3,Path of Exile,"Oct 23, 2013",Free,81% (92%/86%),"8,550,277 ±94,165",65:05 (04:08),Grinding Gear Games,Grinding Gear Games,MMO
58,Warface,01/07/14,Free,28% (70%/62%),"8,517,742 ±93,988",15:51 (01:41),Crytek,My.com,MMO
357,Counter-Strike Nexon: Zombies,"Oct 7, 2014",Free,23% (66%),"8,212,247 ±92,317",16:51 (00:43),Nexon,Nexon Europe GmbH,MMO
228,H1Z1,"Feb 17, 2016",$19.99,19% (63%),"7,931,843 ±90,753",85:41 (17:48),Daybreak Game Company,Daybreak Game Company,MMO
249,H1Z1 Test Server,"Feb 24, 2016",N/A,11% (54%),"7,931,843 ±90,753",02:05 (00:17),Daybreak Game Company,Daybreak Game Company,MMO
559,ARK: Survival Of The Fittest,"Aug 29, 2017",N/A,22% (65%),"7,311,202 ±87,186",03:18 (00:24),"Studio Wildcard, Instinct Games, Efecto Studios, Virtual Basement LLC",Studio Wildcard,MMO
466,Rust,"Dec 11, 2013",$19.99,46% (80%),"6,316,414 ±81,121",118:54 (24:30),Facepunch Studios,Facepunch Studios,MMO
16,Marvel Heroes Omega,03/06/13,Free,31% (72%/81%),"5,616,918 ±76,552",28:14 (01:12),Gazillion Entertainment,Gazillion Entertainment,MMO
47,ARK: Survival Evolved,"Aug 29, 2017",$23.99,25% (68%/70%),"5,484,574 ±75,655",144:18 (18:59),"Studio Wildcard, Instinct Games, Efecto Studios, Virtual Basement LLC",Studio Wildcard,MMO
576,APB Reloaded,"Dec 6, 2011",Free,19% (63%),"5,356,641 ±74,777",25:57 (02:13),Reloaded Productions,Reloaded Games,MMO
33,Neverwinter,"Dec 5, 2013",Free,42% (78%/74%),"5,208,580 ±73,748",32:11 (04:50),Cryptic Studios,Perfect World Entertainment,MMO
195,Infestation: The New Z,22/11/16,Free,8% (48%),"4,846,288 ±71,163",13:58 (00:52),Fredaikis AB,Fredaikis AB,MMO
294,Freestyle 2: Street Basketball,"Apr 1, 2015",Free,33% (73%),"4,711,186 ±70,174",14:47 (01:08),Joycity,Joycity,MMO
102,Last Man Standing,29/03/17,Free,19% (63%),"4,502,192 ±68,614",06:24 (01:08),"Free Reign Entertainment, Free Reign Entertainment",Free Reign Entertainment,MMO
25,TERA,"May 5, 2015",Free,46% (80%/77%),"4,477,102 ±68,425",28:38 (04:12),"Bluehole, Inc.",En Masse Entertainment,MMO
247,Creativerse,"May 8, 2017",Free,46% (80%),"4,430,505 ±68,071",08:37 (01:21),Playful Corporation,Playful Corporation,MMO
229,Survarium,"Apr 2, 2015",Free,10% (52%),"3,854,531 ±63,530",07:37 (00:38),Vostok Games,Vostok Games,MMO
52,Defiance,04/06/14,Free,38% (76%/64%),"3,788,635 ±62,989",18:02 (02:25),"Trion Worlds, Inc.","Trion Worlds, Inc.",MMO
135,DayZ,"Dec 16, 2013",$34.99,19% (63%),"3,754,170 ±62,704",79:47 (21:14),Bohemia Interactive,Bohemia Interactive,MMO
26,Red Orchestra 2: Heroes of Stalingrad with Rising Storm,"Sep 13, 2011",$19.99,85% (93%/76%),"3,547,382 ±60,965",24:26 (04:22),Tripwire Interactive,Tripwire Interactive,MMO
53,Spiral Knights,14/06/11,Free,53% (83%/64%),"3,219,554 ±58,099",20:07 (01:30),Grey Havens,,MMO
13,Realm of the Mad God,"Feb 20, 2012",Free,53% (83%/82%),"3,193,361 ±57,864",23:17 (01:14),Wild Shadow Studios,Deca Games,MMO
39,Block N Load,"Apr 30, 2015",Free,40% (77%/72%),"3,085,279 ±56,883",08:35 (01:08),"Jagex, Artplant",Jagex,MMO
60,Firefall,29/07/14,Free,18% (62%/60%),"3,016,074 ±56,245",13:24 (01:22),Red 5 Studios,Red 5 Studios,MMO
119,Fishing Planet,"Aug 28, 2017",Free,36% (75%),"2,964,515 ±55,765",12:21 (00:45),Fishing Planet LLC,Fishing Planet LLC,MMO
212,Just Survive,15/01/15,$19.99,17% (61%),"2,941,079 ±55,546",63:17 (15:25),Daybreak Game Company,Daybreak Game Company,MMO
257,Just Survive Test Server,"Apr 16, 2015",N/A,N/A (N/A),"2,941,079 ±55,546",04:24 (00:10),Daybreak Games,Daybreak Games,MMO
5,RIFT,01/03/11,Free,38% (76%/84%),"2,879,318 ±54,963",40:33 (03:22),Trion Worlds,Trion Worlds,MMO
405,World of Tanks Blitz,09/11/16,Free,31% (72%),"2,704,789 ±53,280",27:54 (01:44),Wargaming Group Limited,Wargaming Group Limited,MMO
4,The Lord of the Rings Online,06/06/12,Free,51% (82%/86%),"2,618,765 ±52,431",26:35 (01:40),"Standing Stone Games, LLC","Standing Stone Games, LLC",MMO
43,DC Universe Online,02/11/11,Free,48% (81%/72%),"2,596,984 ±52,213",24:31 (05:38),Daybreak Game Company,Daybreak Game Company,MMO
181,Transformice,30/01/15,Free,53% (83%),"2,585,955 ±52,103",14:48 (00:46),Atelier 801,Atelier 801,MMO
196,Aura Kingdom,2014-07-01,Free,44% (79%),"2,545,149 ±51,693",18:00 (01:11),X-Legend,Aeria Games,MMO
31,Star Conflict,"Feb 27, 2013",Free,40% (77%/75%),"2,272,188 ±48,856",17:50 (01:17),Star Gem Inc.,Gaijin Entertainment,MMO
545,Tree of Savior (English Ver.),28/03/16,Free,16% (60%),"2,264,468 ±48,773",56:34 (04:34),"IMCGAMES Co.,Ltd.","IMCGAMES Co.,Ltd.",MMO
45,Fallen Earth Free2Play,"Feb 22, 2012",Free,13% (56%/71%),"2,165,210 ±47,697",08:39 (00:40),Reloaded Productions,Gamersfirst,MMO
73,Knight Online,25/01/16,Free,7% (46%),"2,051,339 ±46,431",37:12 (00:17),"Noah System, Mgame",NTTGame,MMO
341,Romero's Aftermath,"Sep 24, 2015",N/A,16% (60%),"2,043,894 ±46,347",05:24 (00:48),Free Reign Entertainment,"OP Productions LLC, Free Reign East LLC",MMO
578,sZone-Online,"Dec 29, 2015",Free,4% (40%),"1,966,969 ±45,470",05:54 (00:21),Cybertime System,Cybertime System,MMO
390,Happy Wars,23/07/14,Free,40% (77%),"1,938,846 ±45,145",04:17 (00:45),Toylogic inc.,Toylogic inc.,MMO
278,Ghost in the Shell: Stand Alone Complex - First Assault Online,28/07/16,N/A,25% (68%),"1,863,299 ±44,260",07:11 (00:59),Neople,Nexon,MMO
28,Star Trek Online,31/01/12,Free,38% (76%/76%),"1,799,057 ±43,493",69:42 (05:02),Cryptic Studios,Perfect World Entertainment,MMO
88,Riders of Icarus,06/07/16,Free,23% (66%),"1,755,218 ±42,962",22:55 (01:29),WeMade,Nexon America,MMO
166,The Elder Scrolls Online: Tamriel Unlimited,17/03/15,$19.99,46% (80%),"1,607,985 ±41,127",94:09 (20:41),Zenimax Online Studios,Bethesda Softworks,MMO
32,Stronghold Kingdoms,"Feb 27, 2012",Free,23% (66%/75%),"1,566,076 ±40,589",77:57 (00:48),FireFly Studios,FireFly Studios,MMO
2,EVE Online,"Dec 15, 2010",Free,40% (77%/88%),"1,500,731 ±39,736",69:14 (01:54),CCP,CCP,MMO
358,Tiger Knight: Empire War,"Oct 24, 2016",Free,42% (78%),"1,368,111 ±37,945",14:20 (01:09),NetDragon Websoft Holdings Limited,Oasis Games,MMO
30,WAKFU,"Sep 18, 2014",Free,44% (79%/76%),"1,347,432 ±37,658",23:42 (01:55),Ankama Studio,Ankama Games,MMO
484,Ragnarok Online 2,"May 1, 2013",Free,16% (60%),"1,329,234 ±37,403",21:17 (00:51),"Gravity, Inc.",Gravity Interactive,MMO
19,ArcheAge,26/03/15,Free,11% (53%/80%),"1,321,239 ±37,291",55:47 (03:20),XLGAMES,Trion Worlds,MMO
437,Crossout,26/07/17,Free,22% (65%),"1,317,103 ±37,233",15:25 (02:36),Targem Games,Gaijin Entertainment,MMO
374,Elsword,02/07/14,Free,40% (77%),"1,296,975 ±36,948",26:20 (01:01),KOG,KOG Games,MMO
499,School of Dragons,"Dec 4, 2014",Free,9% (50%),"1,270,231 ±36,566",04:06 (00:46),"JumpStart Games, Inc.","JumpStart Games, Inc.",MMO
527,Hero Siege,29/01/14,$5.99,46% (80%),"1,266,922 ±36,518",12:15 (04:00),"Elias Viglione, Jussi Kukkonen",Panic Art Studios,MMO
248,Panzar,25/11/13,Free,22% (65%),"1,250,379 ±36,280",09:19 (01:31),Panzar Studio,OVALIS INVESTMENTS LIMITED,MMO
375,Guns and Robots,"Aug 4, 2014",Free,22% (65%),"1,203,783 ±35,599",02:13 (00:23),Masthead Studios Ltd,"Masthead Studios Ltd, Thegamewallstudios, Gamigo AG",MMO
406,MechWarrior Online,"Dec 10, 2015",Free,40% (77%),"1,194,408 ±35,460",26:44 (00:46),Piranha Games Inc.,Piranha Games Inc.,MMO
20,Elite Dangerous,"Apr 2, 2015",$29.99,25% (68%/80%),"1,193,581 ±35,448",89:51 (19:42),Frontier Developments,Frontier Developments,MMO
12,WildStar,09/06/16,Free,28% (70%/82%),"1,191,927 ±35,424",06:45 (01:39),Carbine Studios,NCSOFT,MMO
29,Vindictus,22/06/12,Free,33% (73%/76%),"1,080,537 ±33,732",32:04 (02:21),Nexon,Nexon America Inc.,MMO
136,ShellShock Live,11/03/15,$6.99,70% (89%),"1,064,821 ±33,486",25:14 (09:24),kChamp Games,kChamp Games,MMO
183,Digimon Masters Online,03/11/16,Free,25% (68%),"1,052,414 ±33,291",17:15 (00:30),"Move Games Co., Ltd.","Move Games Co., Ltd.",MMO
167,The SKIES,"Apr 16, 2016",Free,7% (46%),"1,034,492 ±33,007",02:52 (00:24),Eforb,Eforb,MMO
438,Cubic Castles,"Aug 13, 2014",Free,29% (71%),"1,019,879 ±32,773",06:45 (00:38),Cosmic Cow LLC,Cosmic Cow LLC,MMO
293,Infestation: Survivor Stories Classic,,N/A,5% (42%),"1,012,159 ±32,649",49:34 (06:42),OP Productions LLC,OP Productions LLC,MMO
75,F.E.A.R. Online,"Oct 21, 2014",N/A,N/A (N/A),"1,008,299 ±32,587",04:07 (00:55),InPlay Interactive,Aeria Games Europe,MMO
18,Faeria,08/03/17,Free,56% (84%/80%),"993,686 ±32,350",12:18 (01:37),Abrakam SA,Abrakam SA,MMO
513,Steel Ocean,12/11/15,Free,26% (69%),"990,653 ±32,301",09:23 (00:46),ICE Entertainment,Changyou.com Limited,MMO
262,MapleStory,"Aug 9, 2012",Free,26% (69%),"986,242 ±32,229",37:37 (01:18),Nexon,Nexon America Inc.,MMO
49,CrimeCraft: GangWars,"Aug 22, 2011",Free,8% (48%/68%),"941,851 ±31,497",02:11 (00:06),Vogster Entertainment,Vogster Entertainment,MMO
391,MicroVolts Surge,05/07/12,Free,28% (70%),"928,892 ±31,280",11:15 (01:05),NQ Games,Rock Hippo Productions,MMO
27,Secret World Legends,31/07/17,Free,31% (72%/76%),"916,209 ±31,066",35:21 (05:36),Funcom,Funcom,MMO
512,Shakes and Fidget,"Feb 24, 2016",Free,61% (86%),"894,703 ±30,700",54:29 (01:34),Playa Games GmbH,Playa Games GmbH,MMO
151,8BitMMO,26/01/15,Free,14% (58%),"884,226 ±30,520",01:15 (00:16),Archive Entertainment,Archive Entertainment,MMO
439,Dungeons & Dragons Online,25/06/12,Free,34% (74%),"881,469 ±30,472",20:16 (01:12),"Standing Stone Games, LLC","Standing Stone Games, LLC",MMO
42,Champions Online,14/06/11,Free,33% (73%/72%),"857,482 ±30,056",27:45 (02:39),Cryptic Studios,Perfect World Entertainment,MMO
103,BRAIN / OUT,"Feb 24, 2017",Free,46% (80%),"837,906 ±29,711",05:06 (00:25),Desertkun,Desertkun,MMO
37,Black Desert Online,"May 24, 2017",$9.99,29% (71%/73%),"824,395 ±29,471",90:19 (08:50),Pearl Abyss,Kakao Games Europe B.V.,MMO
436,Miscreated,"Oct 30, 2014",$19.99,26% (69%),"815,848 ±29,318",22:19 (05:05),Entrada Interactive LLC,Entrada Interactive LLC,MMO
153,La Tale,17/06/14,N/A,N/A (N/A),"771,458 ±28,511",03:25 (00:38),Actoz Soft,OGPlanet,MMO
376,Royal Quest,"Aug 6, 2014",Free,24% (67%),"767,322 ±28,434",09:55 (00:55),Katauri,1C Online Games,MMO
483,Metin2,"May 8, 2017",Free,14% (58%),"762,910 ±28,353",11:52 (00:50),WEBZEN Inc.,Gameforge 4D GmbH,MMO
11,FINAL FANTASY XIV Online,"Feb 18, 2014",$19.99,48% (81%/83%),"750,503 ±28,121",252:09 (38:21),Square Enix,Square Enix,MMO
182,"Warhammer 40,000 : Eternal Crusade",16/03/17,$19.99,12% (55%),"749,952 ±28,111",14:35 (01:26),Behaviour Digital Inc.,Behaviour Digital Inc.,MMO
22,Bloodline Champions,"Oct 28, 2011",Free,61% (86%/79%),"748,297 ±28,080",09:54 (00:49),Stunlock Studios,Stunlock Studios,MMO
359,Villagers and Heroes,"Apr 17, 2014",Free,13% (56%),"738,923 ±27,904",07:19 (00:31),Mad Otter Games,Mad Otter Games,MMO
105,Dragon Nest,"Dec 18, 2012",Free,42% (78%),"733,133 ±27,795",34:28 (02:48),Eyedentity Games Inc.,Eyedentity Games Inc.,MMO
295,Business Tour - Online Multiplayer Board Game,27/07/17,Free,26% (69%),"729,549 ±27,727",04:47 (01:59),Creobit,8Floor,MMO
62,Nether: Resurrected,05/06/14,$4.99,5% (43%/57%),"727,343 ±27,685",12:12 (03:23),Phosphor Games Studio,"Nether Productions, LLC",MMO
198,Continent of the Ninth Seal,"Sep 13, 2012",Free,34% (74%),"680,747 ±26,785",08:35 (00:11),Cloud 9 Studio,Webzen,MMO
10,EverQuest II Free-To-Play. Your Way.,"Dec 7, 2011",Free,34% (74%/83%),"676,887 ±26,709",26:14 (02:27),Daybreak Game Company,Daybreak Game Company,MMO
15,World of Warships,15/11/17,Free,26% (69%/81%),"670,269 ±26,578",07:41 (01:43),Wargaming Group Limited,Wargaming Group Limited,MMO
89,Infinity Wars: Animated Trading Card Game,"Sep 5, 2014",Free,46% (80%),"669,442 ±26,561",12:01 (01:09),Lightmare Studios,"Lightmare Studios, Yodo1 Games",MMO
514,Mortal Online,"Aug 31, 2015",Free,9% (50%),"668,064 ±26,534",12:03 (00:35),Star Vault AB,Star Vault AB,MMO
311,Mabinogi,"Dec 6, 2012",Free,34% (74%),"654,829 ±26,270",72:10 (00:45),NEXON Korea Corp.,Nexon America Inc.,MMO
558,Conan Exiles,30/01/17,$29.99,18% (62%),"646,833 ±26,110",45:17 (13:43),Funcom,Funcom,MMO
185,Piercing Blow,10/11/15,Free,6% (45%),"642,146 ±26,015",12:39 (00:35),Zepetto Co.,Zepetto U.S.A. Inc.,MMO
231,Amazing World,"Aug 7, 2014",Free,40% (77%),"623,673 ±25,639",02:09 (00:25),Ganz,Ganz,MMO
51,Prime World,31/03/14,Free,16% (60%/65%),"622,846 ±25,622",42:59 (01:14),Nival,Nival,MMO
296,Dungeon Fighter Online,"Aug 9, 2016",Free,42% (78%),"602,994 ±25,211",20:44 (01:51),Neople,Neople,MMO
531,Navy Field 2 : Conqueror of the Ocean,05/03/15,Free,6% (45%),"602,443 ±25,199",04:14 (00:20),SDEnterNet,SDEnterNet,MMO
107,Grand Chase,"17 Jul, 2014",N/A,N/A (N/A),"597,204 ±25,089",06:12 (00:19),KOG,KOG Games,MMO
407,Kingdom Wars,"Apr 1, 2013",Free,24% (67%),"585,073 ±24,833",09:14 (00:59),Reverie World Studios,,MMO
232,Time of Dragons,"Feb 1, 2016",Free,24% (67%),"565,221 ±24,409",00:53 (00:13),4 I Lab,4 I Lab,MMO
360,Echo of Soul,22/06/15,Free,16% (60%),"561,085 ±24,320",13:10 (01:29),Mr. Blue,Aeria Games,MMO
233,Age of Conan: Unchained,"Feb 22, 2013",Free,28% (70%),"559,982 ±24,296",14:17 (02:05),Funcom,Funcom,MMO
326,AdventureQuest 3D,"Oct 19, 2016",Free,25% (68%),"559,155 ±24,278",07:36 (00:30),"Artix Entertainment, LLC","Artix Entertainment, LLC",MMO
23,Ragnarok Online,"Oct 31, 2013",Free,42% (78%/79%),"552,262 ±24,128",17:18 (00:18),Gravity Interactive,Gravity Interactive,MMO
501,Divine Souls F2P MMO,"Aug 15, 2014",Free,8% (49%),"550,332 ±24,086",00:51 (00:11),GamePrix,Suba Games,MMO
106,Skyforge,"Apr 13, 2017",Free,18% (62%),"531,859 ±23,678",08:32 (01:42),Allods Team,My.com,MMO
122,Metro Conflict,22/06/15,Free,N/A (N/A),"522,760 ±23,475",03:14 (00:42),Red Duck Inc.,OGPlanet,MMO
424,Everquest,"Dec 13, 2012",Free,31% (72%),"518,900 ±23,389",70:11 (01:17),Daybreak Game Company,Daybreak Game Company,MMO
422,ONRAID,"Apr 18, 2017",Free,42% (78%),"515,592 ±23,314",01:55 (00:31),Pragmatix Ltd,Pragmatix Ltd,MMO
184,Heaven Island - VR MMO,"Dec 23, 2015",$0.99,11% (53%),"511,180 ±23,214",05:18 (05:51),"Fabio Ferrara, Giulia Airoldi",Chubby Pixel,MMO
156,ROSE Online,"Oct 23, 2012",Free,26% (69%),"497,394 ±22,899",12:38 (00:33),Gravity Interactive,Gravity Interactive,MMO
263,Governor of Poker 3,"Feb 19, 2016",Free,34% (74%),"492,156 ±22,778",07:52 (00:57),"OrangeGames, YoudaGames",OrangeGames,MMO
264,Strike.is: The Game,14/07/16,Free,29% (71%),"492,156 ±22,778",01:24 (00:15),Freakinware Limited,Freakinware Limited,MMO
315,Face of Mankind,17/07/14,N/A,N/A (N/A),"486,641 ±22,651",02:41 (00:28),Duplex Systems,Nexeon Technologies,MMO
199,Dragomon Hunter,"Dec 2, 2015",Free,13% (56%),"484,436 ±22,599",05:11 (00:44),X-Legend,Aeria Games,MMO
546,Galactic Junk League,26/07/17,Free,24% (67%),"483,057 ±22,567",02:39 (00:33),Pixel Federation,Pixel Federation,MMO
90,VEGA Conflict,"Dec 14, 2015",Free,11% (54%),"476,991 ±22,425",106:55 (00:49),KIXEYE,KIXEYE,MMO
440,Street Warriors Online,"Dec 16, 2016",$1.99,15% (59%),"468,444 ±22,223",01:00 (00:21),Crazy Rocks Studios,Crazy Rocks Studios,MMO
200,Metal War Online: Retribution,Dec 2015,Free,13% (56%),"467,893 ±22,210",03:10 (00:16),GDT Limited,GDT Limited,MMO
344,Puzzle Pirates,"Aug 31, 2011",Free,46% (80%),"459,621 ±22,013",18:26 (00:41),Three Rings,Three Rings,MMO
36,WWII Online,"Sep 5, 2017",$7.99,6% (45%/73%),"452,453 ±21,841",02:33 (00:13),Cornered Rat Software,Cornered Rat Software,MMO
216,Audition Online,03/06/15,Free,21% (64%),"450,247 ±21,788",07:41 (00:22),T3 Entertainment,Redbana Corporation,MMO
518,War of the Immortals,"Aug 30, 2012",Free,24% (67%),"449,695 ±21,775",24:57 (01:34),Perfect World Shanghai,Perfect World Entertainment,MMO
138,Champions of Regnum,"Feb 27, 2013",Free,17% (61%),"448,041 ±21,735",06:24 (00:35),NGD Studios,NGD Studios,MMO
234,Football Superstars,16/11/12,Free,N/A (N/A),"444,732 ±21,654",05:08 (00:28),"CyberSports Ltd., Coli Games","CyberSports Ltd, Coli Games",MMO
579,RPG MO,"Aug 18, 2015",Free,44% (79%),"444,732 ±21,654",11:01 (00:14),Marxnet,Marxnet,MMO
14,Rising Storm 2: Vietnam,"May 30, 2017",$24.99,44% (79%/81%),"436,737 ±21,459",21:19 (08:58),"Antimatter Games, Tripwire Interactive",Tripwire Interactive,MMO
279,The Four Kings Casino and Slots,01/06/15,Free,26% (69%),"430,119 ±21,296",07:49 (00:36),Digital Leisure Inc.,Digital Leisure Inc.,MMO
56,Devilian,"Dec 10, 2015",Free,15% (59%/63%),"428,741 ±21,262",20:25 (02:58),Bluehole Ginno Games,Trion Worlds,MMO
48,Forsaken World,14/06/11,Free,28% (70%/69%),"417,161 ±20,973",28:42 (01:17),Perfect World Entertainment,Perfect World Entertainment,MMO
46,Global Agenda,14/06/11,Free,N/A (N/A/70%),"400,893 ±20,560",63:12 (12:02),Hi-Rez Studios,Hi-Rez Studios,MMO
331,Fiesta Online NA,"May 20, 2014",Free,12% (55%),"392,346 ±20,340",25:50 (00:42),Onson Soft,gamigo AG,MMO
44,The Crew,"Dec 1, 2014",$29.99,24% (67%/71%),"391,243 ±20,311",47:51 (20:49),Ivory Tower in collaboration with Ubisoft Reflections,Ubisoft,MMO
74,Shop Heroes,"Aug 15, 2016",Free,28% (70%),"389,589 ±20,268",38:52 (01:16),"Cloudcade, Inc.","Cloudcade, Inc.",MMO
123,ASTA Online,"Apr 26, 2017",N/A,23% (66%),"379,387 ±20,002",08:33 (00:22),POLYGON GAMES,MOVE ON USA Co.,MMO
489,Dungeon-Party,13/03/13,Free,4% (39%),"379,112 ±19,994",00:36 (00:11),Cyanide Studio,Cyanide Studio,MMO
215,Eldevin,05/11/14,Free,42% (78%),"373,322 ±19,841",07:32 (00:28),Hunted Cow Studios,Hunted Cow Studios,MMO
469,Prominence Poker,"Dec 12, 2016",Free,42% (78%),"370,013 ±19,753",06:22 (01:08),Pipeworks Studio,505 Games,MMO
64,Karos,"Dec 24, 2014",Free,11% (53%),"369,462 ±19,738",05:24 (00:01),Galaxy Gate,NIKITA ONLINE,MMO
560,Rec Room,28/06/16,Free,97% (97%),"358,984 ±19,457",04:16 (00:35),Against Gravity®,Against Gravity®,MMO
246,Xam,15/07/14,Free,N/A (N/A),"354,848 ±19,344",00:26 (00:12),LLC Anngames,LLC Anngames,MMO
168,World of Soccer online,"Aug 26, 2015",Free,17% (61%),"348,231 ±19,163",01:35 (00:12),Johannes Eski,Johannes Eski,MMO
565,Swordsman,28/01/16,Free,9% (51%),"347,956 ±19,156",05:09 (00:28),Perfect World Entertainment,Perfect World Entertainment,MMO
468,Forge of Gods (RPG),"May 6, 2016",Free,44% (79%),"346,577 ±19,118",27:08 (00:50),Panoramik Inc,Panoramik Inc,MMO
577,DRAGON BALL XENOVERSE 2,"Oct 27, 2016",$20,36% (75%),"341,614 ±18,980",46:17 (24:57),"QLOC, DIMPS",BANDAI NAMCO Entertainment,MMO
328,City of Steam: Arkadia,06/03/14,Free,16% (60%),"339,408 ±18,919",07:18 (00:37),Mechanist Games,Mechanist Games,MMO
152,Uncrowded,"May 11, 2015",N/A,1% (27%),"336,100 ±18,827",02:56 (03:04),Kotach,"Kotach, MyLifeGame.RU",MMO
470,Cloud Pirates,"Apr 19, 2017",N/A,33% (73%),"332,791 ±18,734",04:04 (00:46),Allods Team,my.com,MMO
528,My Lands: Black Gem Hunting,"Sep 16, 2014",Free,61% (86%),"329,758 ±18,648",102:30 (00:16),"Gravvit Ltd, Forbes Consult Ltd",ELYLAND INVESTMENT COMPANY Ltd,MMO
50,Dragon Saga,"Dec 22, 2015",Free,29% (71%/65%),"323,417 ±18,468",07:49 (00:16),Gravity Interactive,Gravity Interactive,MMO
95,Atlantica,29/06/12,Free,33% (73%),"321,211 ±18,405",56:38 (03:08),NDoors,Nexon America Inc.,MMO
561,Hero Zero,05/07/16,Free,34% (74%),"306,322 ±17,974",16:00 (00:20),Playata GmbH,European Games Group AG,MMO
137,Eternal Card Game,18/11/16,Free,44% (79%),"297,224 ±17,705",42:41 (03:02),Dire Wolf Digital,Dire Wolf Digital,MMO
297,Tactical Craft Online,"Feb 12, 2016",Free,8% (49%),"295,018 ±17,639",01:16 (00:11),Crematorium of Time,Crematorium of Time,MMO
427,Elite Dangerous: Arena,"Feb 16, 2016",$7.49,5% (42%),"294,191 ±17,615",02:57 (00:28),Frontier Developments,Frontier Developments,MMO
485,Warfare Online,"May 8, 2017",N/A,31% (72%),"287,022 ±17,399",01:10 (00:18),Con Artist Games,Con Artist Games,MMO
411,BattleStick,"May 6, 2016",Free,4% (40%),"286,746 ±17,390",00:40 (00:11),Pinterac,Pinterac,MMO
362,Uncharted Waters Online: Age of Revolution,"Oct 3, 2014",N/A,24% (67%),"286,195 ±17,374",37:54 (00:33),"KOEI TECMO GAMES CO., LTD.",OGPlanet,MMO
472,Heroes of Scene,"Aug 26, 2015",Free,9% (51%),"271,858 ±16,933",01:01 (00:18),Icy Donut,Icy Donut,MMO
379,Requiem: Rise of the Reaver,04/03/15,Free,18% (62%),"269,927 ±16,873",08:13 (00:29),"Gravity Interactive, Inc.","Gravity Interactive, Inc.",MMO
409,Angeldust,18/11/16,Free,16% (60%),"269,376 ±16,856",01:16 (00:16),Frank Lucas,Metagaming B.V.,MMO
473,Might & Magic Heroes Online,24/11/15,Free,4% (39%),"260,277 ±16,569",06:12 (00:22),Blue Byte,Ubisoft,MMO
91,Tanki X,"Apr 20, 2017",Free,28% (70%),"251,730 ±16,295",03:14 (00:31),AlternativaPlatform,AlternativaPlatform,MMO
266,CABAL Online,"Feb 17, 2016",Free,18% (62%),"249,524 ±16,223",21:38 (00:27),ESTsoft Corp.,ESTsoft Inc.,MMO
377,Pixel Worlds,08/06/17,Free,10% (52%),"249,249 ±16,214",05:45 (00:36),Kukouri Mobile Entertainment,Kukouri Mobile Entertainment,MMO
361,StarBreak,"May 10, 2016",Free,40% (77%),"246,216 ±16,115",03:41 (00:22),Crunchy Games,Crunchy Games,MMO
218,World of Fishing,"Sep 6, 2016",N/A,N/A (N/A),"244,561 ±16,061",02:51 (00:21),"Masangsoft, Inc.",InselGames,MMO
428,Cannons Lasers Rockets,"Aug 25, 2014",Free,1% (24%),"242,631 ±15,998",00:19 (00:08),Net Games Laboratory,Net Games Distribution LTD,MMO
220,Darkwind: War on Wheels,"Aug 22, 2014",Free,5% (42%),"238,771 ±15,870",00:52 (00:06),Psychic Software,Psychic Software,MMO
441,Kings Bounty: Legions,"Dec 10, 2013",Free,9% (51%),"238,496 ±15,861",17:34 (00:56),Nival,Nival,MMO
79,TDP4:Team Battle,12/03/15,Free,5% (41%),"237,944 ±15,842",01:24 (00:13),JAVELIN OÜ,JAVELIN OÜ,MMO
159,Take Thy Throne,05/07/16,$1.99,22% (65%),"235,187 ±15,750",03:33 (03:30),Charyb Games,Charyb Games,MMO
345,Deepworld,"Apr 22, 2015",Free,14% (58%),"231,327 ±15,621",02:26 (00:37),Bytebin,Bytebin,MMO
316,Trinium Wars,02/03/16,Free,N/A (N/A),"223,331 ±15,348",13:53 (09:12),Hanmaru Soft,InselGames,MMO
410,,27/06/17,Free,3% (35%),"217,265 ±15,139",01:25 (00:12),Netease,Netease,MMO
412,Heaven Forest - VR MMO,"Dec 14, 2016",$0.99,29% (71%),"214,508 ±15,042",05:30 (06:01),Fabio Ferrara,Chubby Pixel,MMO
57,Spellweaver,"Feb 1, 2016",Free,33% (73%/63%),"209,821 ±14,877",09:41 (00:36),Dream Reactor,Dream Reactor,MMO
300,Crazy Killer,"Apr 26, 2016",N/A,N/A (N/A),"208,718 ±14,838",00:23 (00:10),Ino-Co Plus,Gaijin inCubator,MMO
549,Dream Of Mirror Online,"Aug 14, 2015",Free,10% (52%),"204,582 ±14,690",03:23 (00:13),SoftStar,SubaGames,MMO
516,Metal Reaper Online,"Sep 17, 2015",N/A,N/A (N/A),"201,274 ±14,571",02:12 (00:18),N2Games,"Sesisoft, JC Planet",MMO
76,Aberoth,17/07/15,Free,16% (60%),"198,241 ±14,461",01:35 (00:12),"Jarbit, Castle art by Yuriy Gusev",Jarbit,MMO
471,Kritika Online,"Sep 28, 2017",Free,28% (70%),"196,311 ±14,390",08:25 (01:23),ALLM,En Masse Entertainment,MMO
346,Age of Conan: Unchained - US version,"Feb 22, 2013",Free,N/A (N/A),"196,035 ±14,380",14:44 (02:21),Funcom,Funcom,MMO
142,Soccer Manager,"Feb 9, 2016",Free,21% (64%),"194,932 ±14,340",04:25 (00:19),Soccer Manager Ltd,Soccer Manager Ltd,MMO
425,Aion,"Oct 29, 2015",N/A,N/A (N/A),"191,899 ±14,228",14:57 (01:07),NCSOFT,NCSOFT,MMO
454,LoveBeat,13/01/16,Free,33% (73%),"188,867 ±14,115",08:30 (00:30),"CRAZYDIAMOND CO., LTD.","CRAZYDIAMOND CO., LTD.",MMO
213,Foxhole,27/07/17,$19.99,53% (83%),"187,212 ±14,053",14:48 (04:34),Clapfoot,Clapfoot,MMO
120,Dark and Light,20/07/17,$29.99,11% (54%),"184,731 ±13,960",52:02 (14:08),Snail Games USA,Snail Games USA,MMO
157,Golden Rush,"Sep 23, 2015",Free,6% (44%),"184,731 ±13,960",02:34 (00:22),Forbes Consult Ltd,ELYLAND INVESTMENT COMPANY Ltd,MMO
429,TDP5 Arena 3D,26/03/15,Free,6% (45%),"181,422 ±13,834",00:39 (00:10),Javelin OÜ,Javelin OÜ,MMO
503,Warside,"May 5, 2015",Free,21% (64%),"180,871 ±13,813",01:08 (00:25),Kraken Games,Kraken Games,MMO
363,Age of Cavemen,"May 24, 2016",Free,13% (56%),"180,595 ±13,802",02:59 (00:27),Fuero Games,Fuero Games,MMO
253,UFO Online: Invasion,08/06/16,Free,11% (53%),"179,768 ±13,771",04:11 (00:18),Bad Pixel,Bad Pixel,MMO
281,VRChat,"Feb 1, 2017",Free,58% (85%),"177,286 ±13,675",05:08 (00:35),VRChat Inc.,VRChat Inc.,MMO
413,Battle Battalions,03/11/15,Free,13% (57%),"176,184 ±13,633",00:50 (00:16),Petroglyph,Petroglyph,MMO
313,Tanki Online,02/03/17,Free,14% (58%),"172,599 ±13,494",05:19 (00:32),AlternativaPlatform,Tanki Online Europe Ltd.,MMO
529,Star Crusade CCG,"Sep 7, 2016",Free,48% (81%),"171,221 ±13,440",09:49 (00:57),"ZiMAD, Inc.","ZiMAD, Inc.",MMO
564,LuckCatchers,15/11/16,Free,10% (52%),"167,912 ±13,309",07:41 (00:10),DiP Online,DiP Online,MMO
124,Atom Fishing II,29/11/16,Free,31% (72%),"165,982 ±13,232",27:47 (00:26),Woolf,R-Age,MMO
395,Gladiators Online: Death Before Dishonor,04/11/15,Free,5% (42%),"162,398 ±13,089",02:31 (00:17),Dorado Games,Dorado Games,MMO
318,Lucent Heart,"Feb 11, 2016",Free,8% (48%),"161,846 ±13,067",03:11 (00:16),Playcoo,Suba Games,MMO
515,Immune - True Survival,25/03/15,$0.99,16% (60%),"161,019 ±13,033",04:33 (01:28),vidiludi games and entertainment,vidiludi games and entertainment,MMO
55,Dragon's Prophet,"Sep 23, 2013",Free,N/A (N/A/63%),"159,640 ±12,977",29:34 (03:31),Daybreak Games,Daybreak Games,MMO
298,UnnyWorld - Battle Royale,26/07/17,Free,29% (71%),"158,538 ±12,932",01:35 (00:20),Unnyhog,Unnyhog,MMO
347,Wind of Luck: Arena,"Aug 18, 2015",N/A,13% (56%),"158,262 ±12,921",03:09 (00:24),Trazzy Entertainment,Trazzy Entertainment,MMO
380,Jagged Alliance Online - Steam Edition,05/06/13,Free,N/A (N/A),"157,710 ±12,899",09:18 (01:49),Cliffhanger Productions,Cliffhanger Productions,MMO
443,Winning Putt: Golf Online,"Oct 25, 2016",Free,23% (66%),"157,159 ±12,876",14:32 (00:45),"WEBZENONNET Co., Ltd.",BANDAI NAMCO Entertainment America,MMO
155,Just Cause 3: Multiplayer Mod,20/07/17,Free,40% (77%),"154,953 ±12,785",02:46 (00:42),nanos GbR,"nanos GbR, Square Enix",MMO
582,NosTale,"Sep 18, 2017",Free,26% (69%),"154,678 ±12,774",18:39 (00:18),"Entwell Co., Ltd.",Gameforge 4D GmbH,MMO
498,Tower Unite,"Apr 8, 2016",$14.99,61% (86%),"153,850 ±12,740",29:56 (08:31),PixelTail Games,PixelTail Games,MMO
214,Drift Streets Japan,"Dec 21, 2015",$4.99,25% (68%),"150,818 ±12,614",10:09 (03:00),JDM4iK,JDM4iK,MMO
414,Choice Chamber,16/07/15,$9.99,67% (88%),"150,542 ±12,602",02:57 (01:59),Studio Bean,Studio Bean,MMO
283,Impulse of War,"Feb 24, 2017",Free,25% (68%),"149,715 ±12,567",00:37 (00:14),Dmitry Medvedev,Dmitry Medvedev,MMO
426,3on3 FreeStyle,"Oct 16, 2017",Free,9% (51%),"148,336 ±12,509",03:32 (00:35),Joycity,Joycity,MMO
317,Kalonline,13/07/16,N/A,N/A (N/A),"147,233 ±12,463",79:27 (00:20),Inixsoft,Inixsoft,MMO
252,Heroes Evolved,23/01/17,Free,9% (51%),"146,957 ±12,451",04:57 (00:28),Net Dragon,R2Games,MMO
268,Emporea: Realms of War and Magic,08/06/16,Free,17% (61%),"145,579 ±12,393",19:34 (00:22),Pixel Federation,Pixel Federation,MMO
325,Survival: Postapocalypse Now,"Apr 16, 2015",$4.99,11% (53%),"145,303 ±12,381",10:21 (02:26),TB Games,TB Games,MMO
301,Galaxy Control: 3D Strategy,"Aug 10, 2016",Free,9% (50%),"143,925 ±12,322",10:48 (00:22),FX Games Media,FX Games Media,MMO
93,AltspaceVRThe Social VR App,31/03/16,Free,53% (83%),"143,373 ±12,299",01:34 (00:19),"AltspaceVR, Inc.","AltspaceVR, Inc.",MMO
442,Orake 2D MMORPG,16/06/17,Free,29% (71%),"142,822 ±12,275",07:13 (00:07),Candycane Games,Candycane Games,MMO
532,Allods Online RU,26/01/16,Free,17% (61%),"142,822 ±12,275",08:41 (00:11),Mail.ru Games,Mail.ru,MMO
125,Karos Returns,30/07/15,Free,31% (72%),"142,270 ±12,251",05:45 (00:21),Galaxy Gate,RedFox Games,MMO
201,Fantasy Tales Online,"May 5, 2016",Free,34% (74%),"141,719 ±12,227",01:29 (00:13),Cold Tea Studio,NA,MMO
342,Meadow,"Oct 26, 2016",$2.99,70% (89%),"141,443 ±12,215",05:35 (01:26),Might and Delight,Might and Delight,MMO
236,Helmet Heroes,"Oct 3, 2016",Free,5% (41%),"134,274 ±11,902",02:46 (00:18),Helmet Games,Helmet Games,MMO
230,The Isle,"Dec 1, 2015",$19.99,25% (68%),"133,447 ±11,865",48:51 (07:38),Afterthought LLC,Afterthought LLC,MMO
170,Crush Online,"Oct 10, 2016",N/A,N/A (N/A),"132,620 ±11,828",07:54 (00:32),JoyImpact,GAMESinFLAMES,MMO
467,Tree of Life,"Aug 17, 2017",$19.99,26% (69%),"132,069 ±11,804",43:34 (09:17),oddonegames,"oddonegames, neobricks",MMO
456,Twin Saga,"Sep 1, 2017",Free,29% (71%),"131,793 ±11,791",08:12 (00:41),X-Legend,Aeria Games,MMO
221,Sphere III: Enchanted World,"Dec 2, 2015",Free,7% (46%),"131,242 ±11,767",04:55 (00:29),NIKITA ONLINE,NIKITA ONLINE,MMO
554,BattleSpace,07/01/15,Free,2% (31%),"131,242 ±11,767",01:35 (00:01),Funnel Inc.,Whybe Online,MMO
366,Legend of Dungeon: Masters,30/11/15,Free,18% (62%),"127,657 ±11,605",00:33 (00:03),Robot Loves Kitty,Robot Loves Kitty,MMO
235,Subspace Continuum,03/07/15,Free,64% (87%),"126,554 ±11,555",02:23 (00:04),"Virgin Interactive Entertainment, PriitK",Subspace Continuum,MMO
54,Ryzom,"May 6, 2016",Free,17% (61%/64%),"124,624 ±11,466",21:24 (00:19),Winch Gate Property Limited,Winch Gate Property Limited,MMO
224,16 Bit Arena,24/03/15,Free,26% (69%),"124,073 ±11,441",00:01 (00:01),16bitarena.com,16bitarena.com,MMO
486,Gods and Idols,"Dec 12, 2016",Free,26% (69%),"123,797 ±11,428",02:19 (00:19),Viking Tao,Viking Tao,MMO
188,Allods Online My.com,03/06/16,Free,21% (64%),"122,419 ±11,364",05:21 (00:55),"Allods Team, Mail.Ru Group",My.com,MMO
109,Florensia,29/11/16,Free,16% (60%),"119,937 ±11,249",05:50 (00:18),AHA Entertainment,GAMESinFLAMES,MMO
169,Cards and Castles,"Dec 18, 2015",Free,28% (70%),"119,661 ±11,236",07:29 (01:16),Red Team Games,Red Team Games,MMO
479,Dungeons Of Kragmor,"Apr 29, 2016",$0.99,4% (39%),"115,526 ±11,040",00:57 (00:25),Digital Homicide Studios,Digital Homicide Studios,MMO
186,KROSMAGA,"Apr 12, 2017",Free,29% (71%),"113,320 ±10,934",08:55 (01:19),Ankama Studio,Ankama Games,MMO
408,AXYOS,"Oct 31, 2014",$7.99,11% (54%),"113,320 ±10,934",02:40 (01:04),Axyos Games,Axyos Games,MMO
583,Big Bang Empire,"Aug 23, 2016",Free,13% (57%),"111,114 ±10,827",41:36 (00:30),Playata GmbH,European Games Group AG,MMO
519,Red Stone Online,Apr 2015,Free,13% (57%),"110,563 ±10,800",03:15 (00:20),L&K Logic Korea,L&K Logic Korea,MMO
219,Call of War,"Oct 21, 2017",Free,8% (49%),"110,011 ±10,773",07:24 (00:12),Bytro Labs GmbH,Bytro Labs GmbH,MMO
174,Alganon,"May 19, 2015",Free,3% (37%),"109,736 ±10,760",01:38 (00:15),Quest Online,3000AD,MMO
242,Wrath of Athena,"May 29, 2015",Free,N/A (N/A),"108,908 ±10,719",01:03 (00:04),Kuuplay,Kuuplay,MMO
505,Selfie : Sisters of the Amniotic Lens,"May 8, 2015",$4.99,36% (75%),"108,908 ±10,719",03:45 (03:30),Rail Slave Games,KISS ltd,MMO
104,Naval Action,21/01/16,$39.99,23% (66%),"108,633 ±10,706",93:14 (14:59),Game-Labs,Game-Labs,MMO
112,Path of War,"Sep 12, 2016",Free,11% (53%),"106,151 ±10,583",04:43 (00:24),Envision Entertainment,Envision Entertainment,MMO
568,Operation: New Earth,"Dec 14, 2016",Free,5% (41%),"104,773 ±10,514",51:13 (00:14),Hunted Cow Studios,Hunted Cow Studios,MMO
126,The Ultimatest Battle,"Sep 12, 2017",Free,40% (77%),"104,497 ±10,500",01:37 (00:17),Ediogames,Ediogames,MMO
394,Warspear Online,02/11/17,Free,29% (71%),"100,361 ±10,290",03:07 (00:13),AIGRIND,AIGRIND,MMO
59,SAGA,"Aug 4, 2015",Free,7% (47%/61%),"99,534 ±10,248",00:54 (00:11),"Silverlode Interactive, Wasatch Games",Silverlode Interactive,MMO
397,Perfect World International,"Apr 19, 2016",Free,8% (48%),"97,053 ±10,119",35:47 (00:55),Perfect World Entertainment,Perfect World Entertainment,MMO
475,Atom Universe,04/03/16,Free,7% (47%),"97,053 ±10,119",00:23 (00:11),Atom Republic,Atom Republic,MMO
121,Citadel: Forged with Fire,26/07/17,$14.99,22% (65%),"96,777 ±10,105",18:17 (07:29),"Blue Isle Studios, Virtual Basement LLC",Blue Isle Studios,MMO
41,Anarchy Online,"Feb 22, 2017",Free,48% (81%/72%),"96,225 ±10,076",00:01 (00:01),Funcom,Funcom,MMO
384,Killbot,10/07/16,$0.99,2% (30%),"90,435 ±9,768",03:40 (03:30),nobodyshot,nobodyshot,MMO
314,Mighty Party,30/03/17,Free,17% (61%),"90,160 ±9,753",07:25 (00:36),Panoramik Inc,Panoramik Inc,MMO
423,Landmark,10/06/16,$9.99,3% (34%),"89,608 ±9,723",18:38 (06:31),Daybreak Game Company,Daybreak Game Company,MMO
111,Sirius Online,01/06/15,$9.99,31% (72%),"87,402 ±9,603",03:20 (03:47),Digital Dawn Studios,Digital Dawn Studios,MMO
271,GRANADO ESPADA,"Feb 23, 2017",Free,6% (45%),"87,402 ±9,603",20:33 (00:24),"HANBITSOFT, INC., IMC GAMES CO.,LTD.",REDBANA CORPORATION,MMO
491,Elemental Heroes,03/03/16,Free,12% (55%),"87,127 ±9,588",03:36 (00:12),JED GAMES,JED GAMES,MMO
567,Lineage II,12/11/15,N/A,N/A (N/A),"85,748 ±9,512",25:25 (00:54),NCSOFT,NCSOFT,MMO
537,Khan: Absolute Power,18/03/16,Free,9% (51%),"84,645 ±9,450",56:51 (00:18),Mirinae,Blaze Gamers,MMO
476,Ragnarok Journey,12/06/17,Free,3% (37%),"81,612 ±9,279",12:45 (00:10),Youren,Gravity Interactive,MMO
171,Gangs of Space,"Aug 10, 2017",Free,36% (75%),"81,337 ±9,264",02:29 (00:27),Little Big MMO,Little Big MMO,MMO
550,Affected Zone Tactics,17/11/15,Free,15% (59%),"81,337 ±9,264",08:34 (00:33),Light Vision Interactive,Light Vision Interactive,MMO
190,Imperia Online,"Apr 15, 2016",Free,5% (41%),"81,061 ±9,248",06:39 (00:08),Imperia Online LTD,Imperia Online LTD,MMO
335,Badland Bandits,16/07/15,Free,7% (46%),"81,061 ±9,248",00:22 (00:07),Wild Wolf Std,Wild Wolf Std,MMO
197,Out of Reach,08/06/15,$14.99,22% (65%),"80,234 ±9,201",13:19 (03:21),Space Boat Studios,Space Boat Studios,MMO
343,Gloria Victis,09/06/16,$19.99,21% (64%),"80,234 ±9,201",25:35 (03:27),Black Eye Games,Black Eye Games,MMO
356,RiotZ,06/07/17,$3.99,N/A (N/A),"78,580 ±9,105",03:55 (03:31),Triple Rush Games,Triple Rush Games,MMO
287,Destiny of Ancient Kingdoms,"Aug 29, 2016",Free,8% (49%),"78,304 ±9,089",01:51 (00:08),Utopia Dream Entertainment Alliance (Pty) Ltd - South Africa,Utopia Dream Entertainment Alliance (Pty) Ltd - South Africa,MMO
203,POLYWAR,"Dec 30, 2016",$4.99,34% (74%),"76,925 ±9,009",03:41 (04:11),exagongames,New Reality Games,MMO
302,:,"Sep 29, 2015",Free,24% (67%),"76,374 ±8,977",00:34 (00:09),Aratog LLC,Tartezal Holdings Ltd.,MMO
270,Nebula Online,03/11/16,$4.99,4% (39%),"75,822 ±8,944",04:39 (04:59),"Mizar Games, Komar Games",KISS ltd,MMO
333,Racecar.io,"Oct 18, 2016",Free,12% (55%),"71,411 ±8,680",00:26 (00:07),"Kastriot Sulejmani, Brayden Myers",KasSanity,MMO
417,Full Tilt Poker,26/01/16,N/A,N/A (N/A),"71,135 ±8,663",04:47 (00:11),Rational Social Projects Limited,Rational Social Projects Limited,MMO
533,BattleRush,29/11/17,Free,31% (72%),"70,859 ±8,647",01:03 (00:09),Thunder Devs.,Thunder Devs.,MMO
67,SurrealVR,"Apr 15, 2016",Free,18% (62%),"70,584 ±8,630",00:15 (00:09),Surreal Games,Surreal Games,MMO
446,Luna Online: Reborn,"Oct 17, 2017",Free,21% (64%),"67,551 ±8,442",18:03 (01:54),Funtime,Subagames,MMO
521,Aces High III,"Aug 23, 2017",Free,9% (51%),"67,275 ±8,425",00:40 (00:13),HiTech Creations,HiTech Creations,MMO
205,Ways of History,"Sep 1, 2017",Free,9% (51%),"66,724 ±8,390",06:11 (00:15),Glyph Worlds,Glyph Worlds,MMO
451,Operation Breakout,"Oct 28, 2016",$8.99,N/A (N/A),"66,724 ±8,390",05:05 (05:10),SGTTB_Studios,SGTTB_Studios,MMO
81,Zezenia Online,07/07/16,Free,26% (69%),"64,518 ±8,251",19:27 (00:17),Saucer Software,Saucer Software,MMO
141,Therian Saga,27/03/17,Free,25% (68%),"63,966 ±8,215",12:35 (00:23),Virtys,Virtys,MMO
108,Stash,"Sep 7, 2017",Free,29% (71%),"63,691 ±8,198",02:17 (00:17),Frogdice,Frogdice,MMO
504,Age of Magic CCG,20/03/16,Free,17% (61%),"63,691 ±8,198",23:37 (00:59),"QianZhiHuDong Network Technology Co., Ltd.","QianZhiHuDong Network Technology Co., Ltd.",MMO
348,Armored Warfare,17/11/17,Free,15% (59%),"61,485 ±8,054",04:34 (01:26),"Obsidian Entertainment, My.com",My.com,MMO
535,Atulos Online,"Apr 30, 2016",Free,26% (69%),"60,934 ±8,018",00:38 (00:12),Parallaxian Pty Ltd,Parallaxian Pty Ltd,MMO
207,Garlock Online,"May 30, 2016",Free,1% (23%),"60,382 ±7,982",00:09 (00:05),HellconX© Studio's,HellconX™,MMO
500,INTERSHELTER,20/11/16,$3.99,22% (65%),"59,004 ±7,890",04:25 (04:22),Skies Technologies,Skies Technologies,MMO
175,Heroes and Titans: Online,12/11/15,Free,N/A (N/A),"58,176 ±7,835",11:57 (01:25),"Beijing Locojoy Technology Co., Ltd","Beijing Locojoy Technology Co., Ltd",MMO
63,Shattered Skies: Prologue,21/07/16,$24.99,4% (38%/56%),"57,901 ±7,816",23:48 (07:29),Free Reign Entertainment,Free Reign Entertainment,MMO
431,Might & Mayhem,05/06/17,Free,9% (50%),"57,625 ±7,797",00:33 (00:06),Kiz Studios,"You42, Inc.",MMO
474,goalunited PRO football manager for experts,06/03/17,Free,42% (78%),"55,144 ±7,628",06:53 (00:11),northworks Software GmbH,Travian Games GmbH,MMO
34,Age of Wushu,27/03/14,N/A,N/A (N/A/74%),"52,662 ±7,454",04:59 (00:01),Snail USA,Snail USA,MMO
349,GunFleet,"Feb 6, 2017",N/A,11% (53%),"52,662 ±7,454",02:26 (00:23),Areo Gaming,Areo Gaming,MMO
286,The Infinite Black,"Oct 19, 2016",Free,22% (65%),"52,111 ±7,415",03:07 (00:12),Spellbook,www.Spellbook.com,MMO
351,Soccer Manager Arena,"May 9, 2017",Free,11% (54%),"51,008 ±7,336",01:09 (00:12),Soccer Manager Ltd,Soccer Manager Ltd,MMO
581,Guardians of Ember,"Sep 20, 2017",$14.99,17% (61%),"49,905 ±7,256",16:10 (05:19),Runewaker,Insel Games Ltd.,MMO
94,The Exiled,"Feb 23, 2017",Free,8% (48%),"48,526 ±7,155",01:47 (00:29),Fairytale Distillery,Fairytale Distillery,MMO
276,Killer Elite Time to Die,"Apr 28, 2017",$5.99,N/A (N/A),"47,423 ±7,074",06:21 (06:30),Wioleta Moniuszko,WRGenesis,MMO
250,Trackmania Turbo,24/03/16,$39.99,17% (61%),"47,148 ±7,053",15:54 (07:42),Nadeo,Ubisoft,MMO
488,METRO CONFLICT: THE ORIGIN,08/11/17,Free,16% (60%),"45,769 ±6,949",02:08 (00:37),"RED DUCK, INC.","RED DUCK, INC.",MMO
96,Thanatos,"Aug 24, 2016",Free,4% (38%),"45,493 ±6,928",01:39 (00:26),JM STUDIO,GameAgit,MMO
127,Otherland MMO,"Sep 12, 2016",Free,3% (36%),"44,666 ±6,865",01:38 (00:26),Drago Entertainment,otherland co-production GmbH,MMO
350,The Last Conflict,Sep 2017,Free,19% (63%),"44,666 ±6,865",01:00 (00:15),Darker Emerald,EmmyGames,MMO
154,The Repopulation,"Dec 22, 2014",$19.99,14% (58%),"43,839 ±6,801",12:17 (04:30),IF Studios,IF Studios,MMO
364,Puzzle Pirates: Dark Seas,"Sep 14, 2017",Free,53% (83%),"43,839 ±6,801",18:18 (01:28),"Grey Havens, LLC","Grey Havens, LLC",MMO
334,Dark Eden,28/11/16,Free,9% (50%),"43,563 ±6,780",34:22 (00:13),SOFTON ENTERTAINMENT,SOFTON ENTERTAINMENT,MMO
38,Dofus,15/11/16,Free,33% (73%/72%),"42,736 ±6,715",06:00 (01:07),Ankama Studio,Ankama Games,MMO
144,Phoenix Dynasty 2,"Aug 16, 2017",Free,8% (49%),"42,461 ±6,693",01:06 (00:05),Ntroy LTD,Ntroy LTD,MMO
204,Astroflux,"Sep 27, 2016",Free,28% (70%),"42,461 ±6,693",03:21 (00:46),Fula Fisken,Fula Fisken,MMO
312,Heliborne,"Oct 12, 2017",$19.99,48% (81%),"42,185 ±6,672",11:03 (04:29),JetCat Games,Klabater,MMO
381,Madness Cubed,"May 12, 2016",$2.99,23% (66%),"42,185 ±6,672",05:01 (03:31),nobodyshot,nobodyshot,MMO
383,Jackpot Poker by PokerStars,20/03/17,Free,6% (45%),"42,185 ±6,672",03:42 (00:32),PokerStars Mobile Limited,PokerStars Mobile Limited,MMO
530,Worlds Adrift,"May 24, 2017",$34.99,31% (72%),"42,185 ±6,672",31:59 (17:24),Bossa Studios,Bossa Studios,MMO
547,Shroud of the Avatar: Forsaken Virtues,24/11/14,$39.99,10% (52%),"41,633 ±6,628",165:38 (05:12),Portalarium,Portalarium,MMO
145,Cowboy Revenge,09/07/17,$0.62,N/A (N/A),"40,530 ±6,539",00:10 (00:06),Bogdan,Bogdan,MMO
280,CarX Drift Racing Online,17/11/17,$9.99,77% (91%),"39,428 ±6,450",18:11 (05:56),CarX Technologies,CarX Technologies,MMO
569,Ragnarok RE:START,18/07/17,Free,4% (40%),"39,428 ±6,450",14:05 (00:17),Gravity Interactive,Gravity Interactive,MMO
494,Granado Espada For SEA,"Oct 15, 2017",Free,N/A (N/A),"38,600 ±6,382",95:30 (00:53),"IMCGAMES Co.,Ltd.","IMCGAMES Co.,Ltd.",MMO
502,emoj.io,"Oct 14, 2016",Free,19% (63%),"38,600 ±6,382",01:19 (00:15),"Hassey Enterprises, Inc.","Hassey Enterprises, Inc.",MMO
92,The Black Watchmen,"Aug 27, 2015",$9.99,74% (90%),"37,773 ±6,313",09:10 (04:20),Alice & Smith,Alice & Smith,MMO
158,Duel of Summoners: The Mabinogi Trading Card Game,"Sep 26, 2017",Free,28% (70%),"37,773 ±6,313",05:36 (00:24),NEXON Korea Corp.,Nexon America Inc.,MMO
255,Heroes of Dire,15/03/17,Free,29% (71%),"37,222 ±6,267",01:44 (00:22),Spellbook,www.Spellbook.com,MMO
367,9Dragons,"Feb 14, 2017",Free,18% (62%),"36,946 ±6,244",22:30 (00:15),JoongWon Games,RedFox Games,MMO
327,HELLION,"Feb 24, 2017",$24.99,24% (67%),"35,843 ±6,150",15:50 (05:28),Zero Gravity,Zero Gravity,MMO
165,Fishermurs,"Apr 14, 2017",$4.99,N/A (N/A),"35,016 ±6,078",04:17 (04:23),Reward Hunters,Reward Hunters,MMO
580,Project Genom,"Oct 11, 2016",$19.99,21% (64%),"35,016 ±6,078",09:36 (03:41),NeuronHaze,NeuronHaze,MMO
77,Perpetuum,"Oct 17, 2014",$9.99,25% (68%),"33,362 ±5,933",21:43 (03:09),Avatar Creations,Gamestorm Ltd,MMO
392,Screeps,16/11/16,$14.99,70% (89%),"33,362 ±5,933",60:05 (08:28),Screeps,Screeps,MMO
415,Nova Blitz,11/07/17,Free,26% (69%),"32,259 ±5,834",03:35 (00:34),Dragon Foundry,"Dragon Foundry, Hashbang Games",MMO
506,SoulSaverOnline,"Apr 5, 2017",Free,12% (55%),"31,708 ±5,784",11:09 (00:55),Smartbig Corportion,Netgame,MMO
457,NEStalgia,"Apr 15, 2014",$9.99,34% (74%),"31,156 ±5,733",35:00 (03:03),Silk Games,Silk Games,MMO
97,Panzer Warfare,"Aug 25, 2016",$1.99,N/A (N/A),"30,880 ±5,708",07:07 (07:30),Kobra Studio,Kobra Studio,MMO
571,Heroes of Shadow Guard,"Aug 3, 2016",Free,N/A (N/A),"30,880 ±5,708",00:28 (00:10),Iron 27,Iron 27,MMO
303,TwelveSky 2 Classic,27/01/17,Free,18% (62%),"30,053 ±5,631",16:13 (00:07),SG Data,RedFox Games,MMO
82,Storm Riders,"Apr 25, 2017",Free,0% (13%),"29,502 ±5,579",00:27 (00:08),"Mokylin Tech. Co.,Ltd",101XP,MMO
536,KWAAN,21/01/16,$9.99,17% (61%),"28,123 ±5,447",02:29 (00:33),Ankama Canada,Ankama Games,MMO
251,Xbird,"May 1, 2017",$0.99,44% (79%),"27,572 ±5,394",03:30 (01:20),Alexey Glinskiy,Alexey Glinskiy,MMO
83,AVATARIKA,"Apr 11, 2017",Free,2% (33%),"27,296 ±5,367",00:43 (00:26),Nikita Online,Nikita Online,MMO
21,iRacing,12/01/15,$9.99,38% (76%/79%),"26,469 ±5,285",70:20 (01:56),"iRacing.com Motorsport Simulations, iRacing","iRacing.com Motorsport Simulations, iRacing",MMO
80,Woodle Tree 2: Worlds,"Sep 16, 2016",$3.99,15% (59%),"26,469 ±5,285",03:44 (04:21),Fabio Ferrara,Chubby Pixel,MMO
256,Urban Rivals,"Oct 18, 2017",Free,19% (63%),"26,469 ±5,285",07:21 (00:15),Acute Games,Acute Games,MMO
143,Linkrealms,"May 19, 2016",Free,18% (62%),"25,917 ±5,229",02:34 (00:31),Mythyn Interactive,Mythyn Interactive,MMO
570,La Tale - Evolved,29/11/17,Free,9% (50%),"25,642 ±5,201",01:59 (00:26),Actoz Soft,Papaya Play,MMO
572,BeanVRThe Social VR APP,"May 31, 2017",Free,N/A (N/A),"25,642 ±5,201",00:09 (00:05),Shenzhen BeanVR Technology Co.Ltd,Shenzhen BeanVR Technology Co.Ltd,MMO
432,Pandum online,"Sep 16, 2016",Free,N/A (N/A),"25,090 ±5,145",00:12 (00:05),Electronic Experience,Electronic Experience,MMO
463,Son Korsan,27/06/17,Free,1% (24%),"24,815 ±5,117",00:17 (00:09),Consala Games,Consala Games,MMO
202,TheWaveVR Beta,"Apr 12, 2017",Free,97% (97%),"24,263 ±5,060",02:25 (00:38),TheWaveVR,TheWaveVR,MMO
35,Cloud Chamber,"Aug 7, 2014",$19.99,33% (73%/74%),"23,987 ±5,031",03:45 (01:56),Investigate North,Investigate North,MMO
140,Storm United,"Apr 17, 2015",$19.99,8% (48%),"23,987 ±5,031",01:11 (00:34),PixelBeam,PixelBeam,MMO
162,"Once Bitten, Twice Dead!",07/07/15,$4.99,N/A (N/A),"23,987 ±5,031",03:27 (03:43),Gamestarters,"Gamestarters Publisher, Gamestarter's",MMO
445,Entropy,"Feb 3, 2017",$9.99,2% (32%),"23,987 ±5,031",05:31 (01:49),Artplant,Artplant,MMO
566,Hounds : The Last Hope,27/01/16,Free,25% (68%),"23,987 ±5,031",23:50 (03:30),Netmarble Games,Netmarble Games,MMO
243,Dark Eden Origin,"Aug 17, 2017",Free,N/A (N/A),"23,160 ±4,943",16:53 (00:28),SOFTON ENTERTAINMENT,SOFTON ENTERTAINMENT,MMO
433,Berserk: The Cataclysm,"Sep 22, 2016",Free,N/A (N/A),"22,057 ±4,824",02:57 (00:08),,IDC/Games,MMO
223,FINAL FANTASY XI: Ultimate Collection Seekers Edition,"Apr 19, 2013",$29.99,48% (81%),"21,506 ±4,763",19:07 (00:15),Square Enix,"SQUARE ENIX, Eidos Interactive",MMO
509,Pararea Beta,"Sep 15, 2017",Free,N/A (N/A),"21,506 ±4,763",00:06 (00:04),Metaverse,Metaverse,MMO
393,Wild Terra Online,"Dec 16, 2016",$14.99,18% (62%),"21,230 ±4,733",51:05 (04:26),Juvty Worlds Ltd.,Juvty Worlds Ltd.,MMO
129,Dragon Lords: 3D Strategy,"Sep 11, 2017",Free,24% (67%),"20,679 ±4,671",03:29 (00:31),FX Games,FX Games,MMO
444,Ascent - The Space Game,"Apr 11, 2016",$19.99,31% (72%),"20,403 ±4,640",23:08 (06:45),Fluffy Kitten Studios,Fluffy Kitten Studios,MMO
480,Legend of Ares,"May 31, 2017",Free,N/A (N/A),"20,403 ±4,640",00:31 (00:09),Bono Games,RedFox Games,MMO
285,Pixel Z - Gun Day,14/01/16,$0.99,3% (36%),"20,127 ±4,608",01:22 (00:26),Semen Rodin,Semen Rodin,MMO
524,Age of Heroes: Conquest,"Apr 17, 2017",Free,N/A (N/A),"20,127 ±4,608",35:03 (00:25),5th Planet Games,5th Planet Games,MMO
478,Dragon Blood,31/01/17,Free,6% (44%),"19,852 ±4,577",48:25 (00:33),TeamTop Games,101XP,MMO
191,Hunt For Gods,15/11/17,Free,29% (71%),"19,576 ±4,545",01:19 (00:11),StarworkGC,StarworkGC,MMO
113,Metal Carnage,17/11/16,N/A,N/A (N/A),"19,300 ±4,513",00:45 (00:18),Playvision,Playvision,MMO
238,Rento Fortune - Online Dice Board Game,14/07/17,$4.99,6% (44%),"19,025 ±4,480",04:01 (03:15),LAN - GAMES EOOD,LAN - GAMES EOOD,MMO
172,Anyland,"Oct 6, 2016",Free,92% (95%),"18,473 ±4,415",00:42 (00:08),"Scott Lowe, Philipp Lenssen","Scott Lowe, Philipp Lenssen",MMO
399,TUNNEL DIVERS,"Oct 13, 2017",Free,N/A (N/A),"18,473 ±4,415",00:27 (00:09),Spasman Games,Spasman Games,MMO
538,Road Dogs,"Sep 26, 2017",Free,11% (53%),"17,646 ±4,315",00:36 (00:11),Teletower Studios,Teletower Studios,MMO
208,Dragon Glory,"Oct 10, 2017",Free,N/A (N/A),"17,094 ±4,247",15:11 (00:09),TeamTop Games,101XP,MMO
217,Boundless,13/11/14,$34.99,28% (70%),"17,094 ±4,247",04:36 (01:24),Wonderstruck,Wonderstruck,MMO
548,Peak Angle: Drift Online,24/11/16,$7.99,16% (60%),"17,094 ±4,247",05:07 (03:15),Peak Angle Team,,MMO
508,Weapons of Mythology - New Age -,"Dec 15, 2016",Free,4% (39%),"16,819 ±4,212",01:02 (00:18),Gamemag,IDC/Games,MMO
563,Kings and Heroes,16/11/17,$19.99,26% (69%),"16,543 ±4,178",06:59 (02:35),Industry Games,Industry Games,MMO
455,hackmud,"Sep 22, 2016",$19.99,46% (80%),"16,267 ±4,143",10:10 (04:45),Drizzly Bear,Drizzly Bear,MMO
330,Hyper Universe,"Aug 23, 2017",$15.99,24% (67%),"15,992 ±4,108",08:39 (05:09),"CWAVESOFT, Inc.",Nexon America Inc.,MMO
487,Valnir Rok Survival RPG,"Sep 26, 2017",$19.99,24% (67%),"15,992 ±4,108",11:47 (04:43),encurio,Reverb Triple XP,MMO
269,BALLOON Saga,"Aug 18, 2017",$0.99,48% (81%),"15,716 ±4,072",02:34 (01:55),Alexey Glinskiy,Alexey Glinskiy,MMO
573,AoF World Online,"Feb 27, 2015",$4.99,N/A (N/A),"15,164 ±4,000",05:22 (04:52),NSE Circuit,NSE Circuit,MMO
178,Kickoff Legends,"Dec 13, 2016",Free,N/A (N/A),"14,889 ±3,963",00:14 (00:19),StudioQi,StudioQi,MMO
61,The Castle Doctrine,29/01/14,$15.99,5% (42%/58%),"14,337 ±3,889",13:50 (01:07),Jason Rohrer,Jason Rohrer,MMO
176,Space Wars: Interstellar Empires,"Dec 8, 2017",Free,24% (67%),"14,337 ±3,889",00:42 (00:33),Desert Owl Games LLC,ToHeroes Game Studios LLC,MMO
402,WAR7,"Oct 21, 2016",Free,N/A (N/A),"14,337 ±3,889",00:06 (00:04),CPsoft,CPsoft,MMO
551,Colonies Online,"May 1, 2014",$14.99,2% (33%),"14,337 ±3,889",06:40 (02:15),Iron Bit,Iron Bit,MMO
139,Fog of War,"Feb 22, 2017",$1.99,13% (57%),"13,510 ±3,775",04:05 (01:47),Monkeys Lab.,Neokosmos Technologies Ltd.,MMO
534,Kingdom of Loot,"Apr 14, 2017",$8.99,28% (70%),"12,959 ±3,698",06:56 (03:15),EPICBEYOND Studios,EPICBEYOND Studios,MMO
177,Nodiatis,14/11/16,Free,N/A (N/A),"12,683 ±3,658",51:31 (05:21),"Glitchless, LLC","Glitchless, LLC",MMO
237,NAVYFIELD,"Sep 26, 2017",Free,36% (75%),"12,683 ±3,658",01:43 (00:14),SDEnterNET,Naiadgames,MMO
72,Vecitas,"Apr 12, 2017",$7.99,N/A (N/A),"12,407 ±3,618",03:51 (04:25),"Sachonski, Renato Milanesi, Sith",Patagoniart,MMO
378,Hide & Hold Out - H2o,"Apr 9, 2016",$17.99,13% (57%),"12,407 ±3,618",10:06 (04:41),Red Abyss Software,Red Abyss Software,MMO
461,Instinct,01/06/15,$1.99,N/A (N/A),"12,407 ±3,618",02:55 (02:16),,,MMO
338,Evolvation,"Feb 6, 2017",$9.99,N/A (N/A),"11,856 ±3,537",04:15 (04:20),HyperReuts,HyperReuts,MMO
385,Musclecar Online,"Feb 12, 2015",$5.99,N/A (N/A),"11,856 ±3,537",00:14 (00:20),Psychic Software,Psychic Software,MMO
244,Casinopia: The Blackjack,"Oct 11, 2017",Free,N/A (N/A),"11,580 ±3,495",00:05 (00:04),oneIMMERS,YJM GAMES,MMO
370,OneScreen Wagons,"Oct 27, 2017",$0.99,N/A (N/A),"11,580 ±3,495",04:45 (04:29),Anti-Ded GameDev,Anti-Ded GameDev,MMO
481,Gurugedara,"Sep 27, 2017",Free,N/A (N/A),"11,580 ±3,495",00:15 (00:01),Osmium,Osmium,MMO
555,AoF Chess Club 2.0,04/11/15,$1.99,N/A (N/A),"11,304 ±3,453",03:09 (03:26),NSE Circuit,NSE Circuit,MMO
187,Islet Online,"Feb 1, 2016",$24.99,48% (81%),"11,029 ±3,411",30:13 (08:37),Morenori Soft,Morenori Soft,MMO
189,Hero Battle,"Apr 28, 2016",$0.99,N/A (N/A),"9,926 ±3,236",03:52 (04:03),Wang Liwen,Wang Liwen,MMO
241,Forgotten Lore,"Oct 5, 2017",Free,34% (74%),"9,926 ±3,236",02:22 (02:17),Coty Getzelman,Coty Getzelman,MMO
490,Manyland,"Dec 7, 2015",$11.99,48% (81%),"9,650 ±3,191",06:45 (06:43),Manyland,Manyland,MMO
85,Amigo VR,"Apr 13, 2017",Free,N/A (N/A),"9,374 ±3,145",00:10 (00:05),Amigo VR Studio,Amigo VR Studio,MMO
132,Fasaria World: Browser MO,"Feb 22, 2015",$2.99,N/A (N/A),"9,099 ±3,098",03:53 (03:57),,NSE CIRCUIT,MMO
396,Boundel: The Second Era,14/11/16,Free,16% (60%),"8,823 ±3,051",03:50 (03:46),Eren Aydın,Eren Aydın,MMO
365,BROKE PROTOCOL: Online City RPG,"Aug 26, 2017",$4.99,29% (71%),"8,547 ±3,003",15:25 (04:21),Cylinder Studios,Cylinder Studios,MMO
541,Lonath Online,"Oct 16, 2015",$6.99,N/A (N/A),"8,547 ±3,003",00:10 (00:15),4NetGames,4NetGames,MMO
146,Spy Bugs,26/06/15,$9.99,N/A (N/A),"7,996 ±2,904",00:11 (00:19),Digital Soul Games,TheGameWall Studios,MMO
299,Edengrad,"Apr 4, 2017",$12.99,16% (60%),"7,996 ±2,904",10:20 (05:36),Huckleberry Games S.A.,Huckleberry Games S.A.,MMO
332,Rogalia,"Dec 9, 2016",$11.99,38% (76%),"7,996 ±2,904",25:36 (06:01),"TatriX, Nanalli",TatriX,MMO
449,Slash Arena: Online,"Sep 1, 2017",N/A,N/A (N/A),"7,996 ±2,904",03:46 (04:05),DRUNKEN MONDAY LLC,DRUNKEN MONDAY LLC,MMO
260,(Adventure Road),"Sep 8, 2017",Free,N/A (N/A),"7,720 ±2,854",00:23 (00:10),"WangJianWei, KuangXiang",WangJianWei,MMO
517,STEAM HAMMER,"May 12, 2017",$19.99,10% (52%),"7,720 ±2,854",24:22 (04:30),SF team,Big Way,MMO
477,LEGO Minifigures Online,29/06/15,$29.99,N/A (N/A),"7,444 ±2,802",08:21 (08:02),Funcom,Funcom,MMO
65,Dig 4 Destruction,"Aug 14, 2016",$11.99,89% (94%),"7,169 ±2,750",05:49 (05:06),"COLOPL, Inc.","COLOPL, Inc.",MMO
84,Master of Magic Chess,"May 23, 2017",Free,N/A (N/A),"7,169 ±2,750",00:28 (00:21),The Ninth Art,The Ninth Art,MMO
275,Knife Battles,23/11/17,$5.99,N/A (N/A),"7,169 ±2,750",00:03 (00:01),NYF,NYF,MMO
526,Rebons,"Sep 22, 2017",$1.59,N/A (N/A),"7,169 ±2,750",00:04 (00:03),Star Legion,Star Legion,MMO
254,Xsyon - Prelude,"Dec 29, 2014",$29.99,28% (70%),"6,893 ±2,697",12:45 (02:47),Notorious Games,Notorious Games,MMO
387,EmbodyMe Beta,22/03/17,Free,N/A (N/A),"6,893 ±2,697",00:09 (00:08),"Paneo, Inc.","Paneo, Inc.",MMO
448,Prime Arena,"Oct 19, 2017",$9.99,N/A (N/A),"6,893 ±2,697",01:42 (01:13),Nival,Nival,MMO
552,Pixel Day - Gun Z,"May 20, 2016",$0.99,1% (28%),"6,893 ±2,697",00:11 (00:07),Semen Rodin,Semen Rodin,MMO
148,Breach of Contract Online,21/07/17,Free,N/A (N/A),"6,617 ±2,642",00:05 (00:06),Flurry Game Studios,Flurry Game Studios,MMO
305,Mystica: The Ninth Society,06/03/16,$1.99,N/A (N/A),"6,617 ±2,642",03:31 (03:00),Bread Vision Studios LLC.,Bread Vision Studios LLC.,MMO
492,Minimon,25/03/15,$9.99,N/A (N/A),"6,617 ±2,642",03:06 (03:17),Lunar Labs,Lunar Labs,MMO
272,Illyriad - Grand Strategy MMO,11/01/17,$4.99,19% (63%),"6,342 ±2,586",106:09 (23:23),Illyriad Games,Illyriad Games,MMO
173,Closers,13/11/17,$14.99,58% (85%),"6,066 ±2,530",15:32 (12:11),Naddic Games,En Masse Entertainment,MMO
389,Q.U.I.R.K.,29/03/17,$9.99,N/A (N/A),"6,066 ±2,530",154:41 (154:22),uGen Inc.,uGen Inc.,MMO
161,MIGHT,13/07/16,N/A,N/A (N/A),"5,514 ±2,412",00:33 (00:32),Fast Forward Games,Fast Forward Games,MMO
284,STAND OUT : VR Battle Royale,"Dec 8, 2017",$14.99,61% (86%),"5,514 ±2,412",01:52 (01:12),raptor lab,raptor lab,MMO
522,Dark Forester,"Feb 9, 2015",$8.99,18% (62%),"5,514 ±2,412",00:20 (00:27),Morozov Sergey,Morozov Sergey,MMO
240,XAOC,"Aug 3, 2017",$2.99,36% (75%),"5,239 ±2,351",22:03 (01:19),WindThunder Studio,Winking Entertainment,MMO
306,WarBirds - World War II Combat Aviation,"May 5, 2015",$14.99,N/A (N/A),"5,239 ±2,351",01:52 (02:26),iEntertainment Network Inc,iEntertainment Network Inc,MMO
574,VR Triber,"Oct 26, 2017",Free,N/A (N/A),"5,239 ±2,351",00:03 (00:01),VR Triber,VR Triber,MMO
128,Voodoo,15/06/17,$9.99,8% (49%),"4,963 ±2,288",05:45 (06:13),"34BigThings srl, Event Horizon Studios",IndieGala,MMO
147,Techwars Online 2,23/03/17,$11.99,N/A (N/A),"4,963 ±2,288",242:48 (202:23),"Argus Games, IGP, Promo trade toys LLC","IGP, Promo trade toys LLC",MMO
68,PLAYERUNKN4WN: Zombie,10/11/17,$0.99,3% (34%),"4,687 ±2,224",01:59 (02:44),"lalalaZero, Urbanoff",Cisamid Inc.,MMO
354,Mystic Miracles - Strategy card board game,"Sep 15, 2017",Free,N/A (N/A),"4,687 ±2,224",00:44 (02:05),LAN - GAMES EOOD,LAN - GAMES EOOD,MMO
458,ROKH,"May 16, 2017",$24.99,9% (50%),"4,687 ±2,224",11:21 (23:20),Nvizzio Creations,Darewise Entertainment,MMO
304,WAR DRONES,03/11/17,$0.99,N/A (N/A),"4,411 ±2,157",00:21 (00:26),Alexey Glinskiy,Alexey Glinskiy,MMO
401,Elements: Epic Heroes,"Dec 21, 2015",$6.99,N/A (N/A),"4,411 ±2,157",02:55 (02:38),Zadzen Games Ltd.,Zadzen Games Ltd.,MMO
462,Voice of Pripyat,19/11/14,$6.99,N/A (N/A),"4,411 ±2,157",02:25 (02:44),Slav Pankratov,Slav Pankratov,MMO
110,Jidousha Shakai,"Apr 28, 2017",$19.99,22% (65%),"4,136 ±2,089",02:09 (01:33),CloudWeight Studios,CloudWeight Studios,MMO
130,Battlegun,"Aug 9, 2017",$1.99,N/A (N/A),"4,136 ±2,089",00:47 (00:37),Norven Games,Norven Games,MMO
160,Lif,21/01/16,N/A,11% (53%),"4,136 ±2,089",04:14 (03:17),Imigea Ltd,Gamevial,MMO
382,90 Minute Fever - Football (Soccer) Manager MMO,12/07/16,$4.99,N/A (N/A),"4,136 ±2,089",236:21 (13:59),Isokron,Isokron,MMO
520,Midair,"Aug 25, 2017",$29.99,N/A (N/A),"4,136 ±2,089",12:08 (06:35),Archetype Studios,Archetype Studios,MMO
98,Secondhand Lands,"Dec 1, 2017",Free,N/A (N/A),"3,860 ±2,018",00:21 (00:18),"Callipygian Games, LLC","Callipygian Games, LLC",MMO
430,Gates of Horizon,"Dec 18, 2014",$9.99,13% (56%),"3,860 ±2,018",19:48 (05:41),Hex Keep,Hex Keep,MMO
450,Epic Space: Online,"May 8, 2014",$17.99,0% (17%),"3,860 ±2,018",05:47 (02:06),The Alpha Company,The Alpha Company,MMO
267,World of Speed,"Aug 22, 2017",$9.99,28% (70%),"3,584 ±1,944",10:26 (06:19),"Saber Interactive, Redemption Ark",Mad Dog Games LLC,MMO
320,RUN ROOMS,02/11/17,$1.69,N/A (N/A),"3,584 ±1,944",03:36 (04:04),IDALGAME,IDALGAME,MMO
69,Assault Corps 2,15/07/15,$2.99,N/A (N/A),"3,238 ±2,241",01:42 (02:31),AOS GAME,AOS GAME,MMO
336,Sweet Escape VR,"Apr 20, 2016",$4.99,N/A (N/A),"3,033 ±1,789",11:57 (13:57),Monster VR,Monster VR,MMO
368,Wander,04/06/15,$8.99,2% (32%),"2,833 ±2,096",02:02 (03:47),Wander MMO,Wander MMO,MMO
193,CONTASION 2,"Apr 22, 2016",$6.99,N/A (N/A),"2,481 ±1,618",00:00 (00:00),Alex Woodcock,Alex Woodcock,MMO
288,Asteroids: Outpost,26/03/15,$29.99,2% (33%),"2,481 ±1,618",01:44 (01:37),Salty Games,Atari,MMO
353,Loot or Die,"Sep 13, 2016",$1.99,N/A (N/A),"2,255 ±2,549",02:44 (04:02),Chris Antoni,Chris Antoni,MMO
222,Sunrise: survival,"Aug 3, 2017",$3.99,11% (53%),"2,206 ±1,525",26:31 (53:24),Fedorov Ilya & Andrew Konovalov,Fedorov Ilya & Andrew Konovalov,MMO
553,Starblast,08/11/17,$9.99,N/A (N/A),"2,024 ±1,771",10:26 (20:49),Neuronality,Neuronality,MMO
258,Hurricane,06/03/17,$1.39,N/A (N/A),"1,930 ±1,427",10:43 (17:43),Because I Can,Because I Can,MMO
464,March of Empires,"Dec 11, 2017",Free,N/A (N/A),"1,930 ±1,427",00:21 (00:12),Gameloft,Gameloft,MMO
523,Drift King: Survival,24/11/16,$4.99,N/A (N/A),"1,930 ±1,427",01:46 (01:13),Destiny.Games,Destiny.Games,MMO
71,Community Garden,"Oct 10, 2017",Free,N/A (N/A),"1,654 ±1,321",00:07 (00:07),Pixelshot Games,Pixelshot Games,MMO
225,Qbike: Cyberpunk Motorcycles,28/07/17,$9.99,N/A (N/A),"1,654 ±1,321",00:12 (00:12),GexagonVR,GexagonVR,MMO
273,Antisphere,14/07/17,$1.99,N/A (N/A),"1,654 ±1,321",00:17 (00:11),"Soap Interactive, Lion Game Lion",Starbreeze Publishing AB,MMO
114,Break_In,"Apr 29, 2015",$9.99,N/A (N/A),"1,619 ±1,584",01:09 (01:06),Craig Gibbs,Craig Gibbs,MMO
131,Dropship Down,21/07/16,N/A,N/A (N/A),"1,619 ±1,584",02:01 (03:46),Fast Forward Games,Fast Forward Games,MMO
309,Hypatia,15/06/17,$29.99,N/A (N/A),"1,503 ±2,081",36:42 (72:07),TimefireVR Inc,TimefireVR Inc,MMO
465,Clash of Robots,09/11/17,$9.99,N/A (N/A),"1,503 ±2,081",00:05 (00:05),Timuz Games,Timuz Games,MMO
274,Win That War!,"Apr 7, 2017",$19.99,N/A (N/A),"1,379 ±1,206",02:06 (01:43),Insane Unity,Insane Unity,MMO
337,Paintball 707,30/11/16,$4.99,N/A (N/A),"1,379 ±1,206",00:27 (00:17),Lotte|EoD,Agger Interactive,MMO
447,Divergence: Online,06/01/16,$19.99,18% (62%),"1,379 ±1,206",00:56 (00:55),Stained Glass Llama,None,MMO
206,Arcfall,"May 16, 2017",$19.99,17% (61%),"1,214 ±1,372",06:50 (10:04),Neojac Entertainment inc.,Neojac Entertainment Inc.,MMO
291,UFO Online: Fight for Earth,"Oct 10, 2014",N/A,N/A (N/A),"1,214 ±1,372",01:54 (01:53),Funatics Software,Funatics Software,MMO
352,Antaria Online,"Oct 4, 2017",$0.99,N/A (N/A),"1,214 ±1,372",09:58 (11:06),"Antaria, LLC","Antaria, LLC",MMO
400,Eve of Destruction - REDUX VIETNAM,"Sep 29, 2016",$9.99,N/A (N/A),"1,214 ±1,372",00:58 (01:22),Lotte|EoD,Agger Interactive,MMO
539,A War Story,"Oct 13, 2017",$1.99,6% (44%),"1,214 ±1,372",00:12 (00:15),Partical Studios,Maruf ARTUKOĞLU,MMO
416,Subsiege,08/03/17,$29.99,N/A (N/A),"1,103 ±1,078",00:13 (00:13),"Icebird Studios, Aesir Interactive",Headup Games,MMO
116,M4 Tank Brigade,"Aug 17, 2015",$14.99,N/A (N/A),827 ±934,01:00 (00:40),iEntertainment Network Inc,iEntertainment Network Inc,MMO
227,Orbs,"Sep 18, 2017",$10.99,N/A (N/A),827 ±934,00:00 (00:00),I SHOW YOU,I SHOW YOU,MMO
259,NitroRage,04/07/17,$0.54,N/A (N/A),827 ±934,00:12 (00:04),XXXgames,XXXgames,MMO
115,Block King,"Feb 10, 2017",$0.99,N/A (N/A),"810 ±1,120",00:00 (00:00),Chris_Antoni,Chris_Antoni,MMO
290,ABD: A Beautiful Day,"Aug 14, 2015",$24.99,N/A (N/A),"810 ±1,120",05:37 (02:48),"Robert Bonner, Jack Hanley, Ben Rawles, Boris Blosse","Gag A Maggot Entertainment, LLC.",MMO
339,Dogfight Elite,11/06/16,$10.99,N/A (N/A),"810 ±1,120",00:46 (00:45),Echoboom S.L.,Echoboom S.L.,MMO
403,Online Circle Pong,14/11/17,$2.99,N/A (N/A),"810 ±1,120",00:00 (00:00),Vladimir Alekseev,Vladimir Alekseev,MMO
418,Line of Defense MMO,"Sep 16, 2014",$9.99,N/A (N/A),"810 ±1,120",00:55 (00:54),3000AD,3000AD,MMO
420,"WarBirds Dawn of Aces, World War I Air Combat",19/07/16,$14.99,N/A (N/A),"810 ±1,120",01:40 (00:50),iEntertainment Network Inc,iEntertainment Network Inc,MMO
434,Slymes,25/11/16,$4.99,N/A (N/A),"810 ±1,120",00:08 (00:08),WolfTech Games,WolfTech Games,MMO
493,Airmen,25/07/17,$14.99,N/A (N/A),"810 ±1,120",07:38 (07:37),Airborne Games,Airborne Games,MMO
510,Space Universe,15/06/16,$14.99,N/A (N/A),"810 ±1,120",03:30 (03:29),Universe,Universe,MMO
87,City of Ages: Picture Supportive Text MUD (server and client included),"Oct 13, 2017",$4.99,N/A (N/A),"752 ±1,472",00:43 (00:43),Darren N Lory,Darren N Lory,MMO
99,CrisisActionVR,"Sep 11, 2017",$13.99,N/A (N/A),"752 ±1,472",00:26 (00:26),Pixel Wonder,Pixel Wonder,MMO
100,Beyond The Destiny,"Apr 11, 2016",N/A,N/A (N/A),"752 ±1,472",00:57 (00:57),BTD Team,BTD Team,MMO
118,CRAFT BATTLE SIMULATOR,13/06/17,$4.99,N/A (N/A),"752 ±1,472",00:03 (00:03),Theodor Niklas,Theodor Niklas,MMO
149,Ancient Siberia,"Dec 11, 2017",$14.99,N/A (N/A),"752 ±1,472",00:11 (00:11),Valga Games Studio,Valga Games Studio,MMO
180,Cold Space,"Dec 8, 2017",$10.99,N/A (N/A),"752 ±1,472",00:00 (00:00),IdeaX,IdeaX,MMO
192,Redemption,"Aug 11, 2016",$14.99,N/A (N/A),"752 ±1,472",00:09 (00:09),"Move Games Co., Ltd.","Move Games Co., Ltd.",MMO
194,Undead,"Oct 11, 2017",$0.99,N/A (N/A),"752 ±1,472",00:01 (00:01),KNP,KNP,MMO
211,xDrive VR,16/06/17,$12.99,N/A (N/A),"752 ±1,472",00:00 (00:00),Themes_Daly,Themes_Daly,MMO
292,Monopolka,"Oct 11, 2017",$0.99,N/A (N/A),"752 ±1,472",02:10 (02:10),Koker_007,Koker_007,MMO
321,Space Merchants: Arena,04/11/16,$6.99,N/A (N/A),"752 ±1,472",01:40 (01:40),Playito.com,Playito.com,MMO
322,WarBirds Dogfights 2016,14/01/16,$19.99,N/A (N/A),"752 ±1,472",00:00 (00:00),iEntertainment Network Inc,iEntertainment Network Inc,MMO
386,SCORE,05/07/16,$4.99,N/A (N/A),"752 ±1,472",00:14 (00:14),True Illusion Software,True Illusion Software,MMO
419,Sky Hunter,09/11/17,$10.99,N/A (N/A),"752 ±1,472",00:44 (00:44),Codex7,Codex7,MMO
482,Scribbled Arena,"May 12, 2017",$8.99,N/A (N/A),"752 ±1,472",02:18 (02:18),Apar Games,Apar Games,MMO
525,Adventurous Life VR,"Sep 16, 2016",$3.74,N/A (N/A),"752 ±1,472",00:00 (00:00),JaudaLabs,JaudaLabs,MMO
557,Chicken Wars,11/07/17,$1.99,N/A (N/A),"752 ±1,472",01:25 (01:25),Sokolov Yaroslav Vladimirovich,Sokolov Yaroslav Vladimirovich,MMO
575,War of Castle VR,13/03/17,$15.99,N/A (N/A),"752 ±1,472",03:38 (03:38),lemonvr,lemonvr,MMO
1,Guild Wars Game of the Year Edition,"Apr 22, 2009",$19.99,N/A (N/A/89%),0 ±0,00:00 (00:00),ArenaNet®,NCsoft,MMO
6,Guild Wars Nightfall,"Apr 22, 2009",$19.99,N/A (N/A/84%),0 ±0,00:00 (00:00),ArenaNet®,NCsoft,MMO
8,Guild Wars Factions,"Apr 22, 2009",$19.99,N/A (N/A/84%),0 ±0,00:00 (00:00),ArenaNet®,NCsoft,MMO
9,FINAL FANTASY XIV Online Starter Edition,"Feb 18, 2014",N/A,48% (81%/83%),0 ±0,00:00 (00:00),SQUARE ENIX,SQUARE ENIX,MMO
24,Guild Wars: Eye of the North,"Oct 8, 2010",$19.99,N/A (N/A/79%),0 ±0,00:00 (00:00),ArenaNet®,NCsoft,MMO
40,Champions Online - Free Trial,14/06/11,Free,N/A (N/A/72%),0 ±0,00:00 (00:00),Cryptic Studios,Perfect World Entertainment,MMO
66,Socxel | Pixel Soccer,30/01/17,$1.99,N/A (N/A),0 ±0,00:00 (00:00),BUG-Studio,BUG-Studio,MMO
70,Black Desert Online - Traveler's Package,"May 24, 2017",$20,N/A (N/A),0 ±0,00:00 (00:00),Pearl Abyss,Kakao Games Europe B.V.,MMO
78,Darkfall Unholy Wars,"Apr 25, 2013",N/A,22% (65%),0 ±0,00:00 (00:00),Aventurine SA,Aventurine,MMO
86,The Secret World: Ultimate Edition,11/06/15,N/A,N/A (N/A),0 ±0,00:00 (00:00),Funcom,Funcom,MMO
101,Mafia is Alive,"Oct 5, 2017",$2.99,N/A (N/A),0 ±0,00:00 (00:00),ZO Studio Games,ZO Studio Games,MMO
117,Soccer Simulation,29/11/17,$14.99,N/A (N/A),0 ±0,00:00 (00:00),Speedy,Speedy,MMO
133,Trendpoker 3D Community Edition,"Dec 11, 2017",$12.59,N/A (N/A),0 ±0,00:00 (00:00),BufoProject,BufoProject,MMO
134,Block Robot Mini Survival Game,07/07/17,$5.99,N/A (N/A),0 ±0,00:00 (00:00),Theodor Niklas,Theodor Niklas,MMO
150,The Elder Scrolls Online: Gold Edition,"Sep 9, 2016",$59.99,N/A (N/A),0 ±0,00:00 (00:00),Zenimax Online Studios,Bethesda Softworks,MMO
163,Tyto Online,25/11/16,$24.99,N/A (N/A),0 ±0,00:00 (00:00),Immersed Games,Immersed Games,MMO
164,Power War:The First Men,"Oct 13, 2017",$19.99,N/A (N/A),0 ±0,00:00 (00:00),"Andrea Mancuso, Graziano Ferraro",Ferman Studio,MMO
179,Crimson Tide: Operation Online,"Aug 17, 2017",$4.99,N/A (N/A),0 ±0,00:00 (00:00),RaleachGamesStudio,RaleachGamesStudio,MMO
209,SCHOOL SIMULATOR MULTIPLAYER,"Sep 10, 2017",$9.99,N/A (N/A),0 ±0,00:00 (00:00),CREATIV GAME DEVELOPER LLC.,CREATIV GAME DEVELOPER LLC.,MMO
210,Space Quiz,"Oct 27, 2017",$3.99,N/A (N/A),0 ±0,00:00 (00:00),Little Smart Planet,Little Smart Planet,MMO
226,Sea Battle VR,24/11/17,$5.99,N/A (N/A),0 ±0,00:00 (00:00),视趣互动（天津）科技有限公司,视趣互动（天津）科技有限公司,MMO
239,Citadel: Forged With Fire (Beta),22/07/17,Free,8% (48%),0 ±0,00:00 (00:00),"Blue Isle Studios, Virtual Basement LLC",Blue Isle Studios,MMO
245,Chaos Battle,"Oct 13, 2017",$5.99,N/A (N/A),0 ±0,00:00 (00:00),绿叶工作室,绿叶工作室,MMO
261,Mekside VR,27/03/17,$7.99,N/A (N/A),0 ±0,00:00 (00:00),Quantaze Interactive,Quantaze Interactive,MMO
265,Elite Dangerous: Horizons,"Dec 15, 2015",$59.99,N/A (N/A),0 ±0,00:00 (00:00),Frontier Developments,Frontier Developments,MMO
277,Fantasy ERA,"Aug 10, 2017",$4.99,N/A (N/A),0 ±0,00:00 (00:00),Fatih KAYA,FKgames,MMO
282,Forsaken Uprising,"Dec 3, 2014",$2.99,2% (30%),0 ±0,00:00 (00:00),Digital Homicide Studios,Digital Homicide Studios,MMO
289,Capsa,"Oct 23, 2017",$24.99,N/A (N/A),0 ±0,00:00 (00:00),"db.works, Vetron",Vetron,MMO
307,Divergence: Year Zero,"Oct 20, 2016",$19.99,N/A (N/A),0 ±0,00:00 (00:00),Stained Glass Llama,Stained Glass Llama,MMO
308,Deathlands,24/11/17,$4.99,N/A (N/A),0 ±0,00:00 (00:00),Frost Studios,Frost Studios,MMO
319,Park Bound,30/11/17,$14.99,N/A (N/A),0 ±0,00:00 (00:00),Bambastic Games,Bambastic Games,MMO
323,Robots.io,"Sep 13, 2017",$7.99,N/A (N/A),0 ±0,00:00 (00:00),Super Games Studio,Super Games Studio,MMO
329,DARK BLOOD ONLINE,22/07/14,N/A,N/A (N/A),0 ±0,00:00 (00:00),"JCR Soft Co., Ltd","Nexon GT Co., Ltd",MMO
340,WARZONE,"Oct 17, 2017",$9.99,N/A (N/A),0 ±0,00:00 (00:00),KEA Games,KEA Games,MMO
355,The Promethium Effect - The Idle Clicker MMO,27/11/17,$1.29,N/A (N/A),0 ±0,00:00 (00:00),Zendo Games,Zendo Games,MMO
369,FeeSoeeD,21/07/17,$2.99,N/A (N/A),0 ±0,00:00 (00:00),BUG-Studio,BUG-Studio,MMO
371,The Secret World: Massive Edition,"Oct 29, 2013",$59.99,N/A (N/A),0 ±0,00:00 (00:00),Funcom,Funcom,MMO
372,Agents of Aggro City Online,"Aug 21, 2017",$4.99,N/A (N/A),0 ±0,00:00 (00:00),Starlight Studios,U Game Me,MMO
388,SojournVR,"Oct 31, 2017",$19.99,N/A (N/A),0 ±0,00:00 (00:00),Vixonix Studios LLC,Vixonix Studios LLC,MMO
398,Techwars Online,17/03/16,$9.99,31% (72%),0 ±0,00:00 (00:00),Argus Games,Argus Games,MMO
404,Guild Wars Trilogy,"Apr 22, 2009",$29.99,N/A (N/A),0 ±0,00:00 (00:00),ArenaNet®,NCsoft,MMO
421,SHOPPING SIMULATOR MULTIPLAYER,"Sep 30, 2017",$9.99,N/A (N/A),0 ±0,00:00 (00:00),TINYBUILD DEVELOPER,TINYBUILD DEVELOPER,MMO
435,Dealey Plaza Paintball,"Sep 8, 2017",$4.99,N/A (N/A),0 ±0,00:00 (00:00),Jason Baird,Jason Baird,MMO
452,Integrity,23/11/17,$9.99,N/A (N/A),0 ±0,00:00 (00:00),Integrity Studios,Integrity Studios,MMO
453,ASTA : ASTA Server,20/06/17,N/A,N/A (N/A),0 ±0,00:00 (00:00),POLYGON GAMES,"Move Games. Co., LTD",MMO
459,Last Survivor,"Dec 13, 2016",N/A,N/A (N/A),0 ±0,00:00 (00:00),Original Games,Original Games,MMO
460,LOKA - League of keepers Allysium,"Aug 2, 2016",$19.99,44% (79%),0 ±0,00:00 (00:00),VRS production,VRS production,MMO
495,The Final Frontier: Space Simulator,30/06/16,$0.99,N/A (N/A),0 ±0,00:00 (00:00),Vault Interactive,Vault Interactive,MMO
496,Elemental World Part 1:Rise Of The Guardians,07/11/17,$9.99,N/A (N/A),0 ±0,00:00 (00:00),Wise Owl Studios,Wise Owl Studios,MMO
497,The Elder Scrolls Online - Morrowind,"May 27, 2017",$39.99,N/A (N/A),0 ±0,00:00 (00:00),Zenimax Online Studios,Bethesda Softworks,MMO
507,Black Desert Online - Explorer's Package,"May 24, 2017",$40,N/A (N/A),0 ±0,00:00 (00:00),Pearl Abyss,Kakao Games Europe B.V.,MMO
511,Bloodlines of Prima,"Sep 25, 2017",$9.99,N/A (N/A),0 ±0,00:00 (00:00),Amazastrophic,Amazastrophic,MMO
540,The Dawn-First War,"Dec 29, 2016",$9.99,N/A (N/A),0 ±0,00:00 (00:00),视趣互动科技有限公司,视趣互动科技有限公司,MMO
542,ASTA : NEW PURE Server,"Sep 6, 2017",N/A,N/A (N/A),0 ±0,00:00 (00:00),,,MMO
543,The Adliberum Engine (ADLENGINE),23/06/17,$12.99,N/A (N/A),0 ±0,00:00 (00:00),Liam Twose,Liam Twose,MMO
556,Unreal Heroes,"Feb 3, 2017",$9.99,N/A (N/A),0 ±0,00:00 (00:00),OxPrime Studio,OxPrime Studio,MMO
562,The Slaughtering Grounds,"Oct 31, 2014",$0.99,3% (35%),0 ±0,00:00 (00:00),Digital Homicide Studios,Digital Homicide Studios,MMO
